Currency,Date,"Exchange Rate"

USD,2024-02-16,312.8934
USD,2024-02-15,313.1705
USD,2024-02-14,313.4241
USD,2024-02-13,313.2487
USD,2024-02-12,313.0338
USD,2024-02-09,313.5869
USD,2024-02-08,313.2212
USD,2024-02-07,314.0343
USD,2024-02-06,312.2364
USD,2024-02-05,311.4132
USD,2024-02-02,314.0218
USD,2024-02-01,316.1275
USD,2024-01-31,317.4089
USD,2024-01-30,317.9432
USD,2024-01-29,317.5185
USD,2024-01-26,319.1591
USD,2024-01-24,319.9412
USD,2024-01-23,320.0536
USD,2024-01-22,320.5246
USD,2024-01-19,320.8826
USD,2024-01-18,321.2243
USD,2024-01-17,321.7534
USD,2024-01-16,322.2038
USD,2024-01-12,322.6884
USD,2024-01-11,322.8300
USD,2024-01-10,322.6356
USD,2024-01-09,322.4136
USD,2024-01-08,322.4406
USD,2024-01-05,322.4275
USD,2024-01-04,322.2375
USD,2024-01-03,321.1200
USD,2024-01-02,323.1861
USD,2024-01-01,323.9902
USD,2023-12-29,323.9233
USD,2023-12-28,324.2268
USD,2023-12-27,325.7409
USD,2023-12-22,326.3519
USD,2023-12-21,326.9669
USD,2023-12-20,326.9605
USD,2023-12-19,326.9249
USD,2023-12-18,326.9856
USD,2023-12-15,326.7231
USD,2023-12-14,326.7793
USD,2023-12-13,327.0966
USD,2023-12-12,327.1808
USD,2023-12-11,326.9314
USD,2023-12-08,326.5900
USD,2023-12-07,327.1342
USD,2023-12-06,328.0175
USD,2023-12-05,328.0314
USD,2023-12-04,327.9839
USD,2023-12-01,327.5552
USD,2023-11-30,329.0423
USD,2023-11-29,329.5090
USD,2023-11-28,329.0036
USD,2023-11-27,328.7498
USD,2023-11-24,328.7214
USD,2023-11-23,328.4842
USD,2023-11-22,328.3919
USD,2023-11-21,328.0918
USD,2023-11-20,327.9164
USD,2023-11-17,328.0732
USD,2023-11-16,328.6449
USD,2023-11-15,327.3643
USD,2023-11-14,326.8940
USD,2023-11-13,327.1930
USD,2023-11-10,328.4610
USD,2023-11-09,328.4100
USD,2023-11-08,327.1236
USD,2023-11-07,327.7360
USD,2023-11-06,328.9773
USD,2023-11-03,329.0615
USD,2023-11-02,328.0343
USD,2023-11-01,327.6173
USD,2023-10-31,327.3817
USD,2023-10-30,327.1300
USD,2023-10-27,326.5000
USD,2023-10-26,326.5647
USD,2023-10-25,327.1063
USD,2023-10-24,325.9017
USD,2023-10-23,325.0000
USD,2023-10-20,324.9747
USD,2023-10-19,324.3800
USD,2023-10-18,324.1357
USD,2023-10-17,323.9143
USD,2023-10-16,323.8600
USD,2023-10-13,323.7977
USD,2023-10-12,323.8480
USD,2023-10-11,323.8082
USD,2023-10-10,323.6026
USD,2023-10-09,323.6117
USD,2023-10-06,323.6946
USD,2023-10-05,323.7722
USD,2023-10-04,323.7654
USD,2023-10-03,323.8000
USD,2023-10-02,323.5166
USD,2023-09-27,324.4478
USD,2023-09-26,324.5999
USD,2023-09-25,324.4375
USD,2023-09-22,324.6121
USD,2023-09-21,324.7013
USD,2023-09-20,324.0000
USD,2023-09-19,323.7088
USD,2023-09-18,323.3750
USD,2023-09-15,323.3731
USD,2023-09-14,323.3778
USD,2023-09-13,322.3823
USD,2023-09-12,322.2833
USD,2023-09-11,321.6556
USD,2023-09-08,322.3871
USD,2023-09-07,321.9950
USD,2023-09-06,321.9978
USD,2023-09-05,320.3778
USD,2023-09-04,319.2570
USD,2023-09-01,319.6472
USD,2023-08-31,322.6634
USD,2023-08-29,323.9093
USD,2023-08-28,323.8714
USD,2023-08-25,324.0500
USD,2023-08-24,323.9704
USD,2023-08-23,323.9350
USD,2023-08-22,323.9350
USD,2023-08-21,323.2519
USD,2023-08-18,321.8596
USD,2023-08-17,321.0863
USD,2023-08-16,321.1804
USD,2023-08-15,320.9366
USD,2023-08-14,319.9817
USD,2023-08-11,320.0006
USD,2023-08-10,320.2591
USD,2023-08-09,321.0833
USD,2023-08-08,321.4960
USD,2023-08-07,318.4438
USD,2023-08-04,318.4438
USD,2023-08-03,314.0972
USD,2023-08-02,324.6497
USD,2023-07-31,329.3566
USD,2023-07-28,329.2804
USD,2023-07-27,329.3811
USD,2023-07-26,329.4167
USD,2023-07-25,329.0000
USD,2023-07-24,326.7500
USD,2023-07-21,325.2204
USD,2023-07-20,324.2500
USD,2023-07-19,322.5265
USD,2023-07-18,322.8065
USD,2023-07-17,319.1206
USD,2023-07-14,316.3556
USD,2023-07-13,314.5869
USD,2023-07-12,313.9049
USD,2023-07-11,312.7857
USD,2023-07-10,311.5068
USD,2023-07-07,308.1957
USD,2023-07-06,306.9852
USD,2023-07-05,306.2611
USD,2023-07-04,308.1162
USD,2023-06-28,308.8300
USD,2023-06-27,308.1212
USD,2023-06-26,307.0000
USD,2023-06-23,306.9543
USD,2023-06-22,306.9052
USD,2023-06-21,306.1250
USD,2023-06-20,305.9231
USD,2023-06-19,309.2000
USD,2023-06-16,313.8245
USD,2023-06-15,308.4828
USD,2023-06-14,303.2095
USD,2023-06-13,300.4257
USD,2023-06-12,296.2449
USD,2023-06-09,293.2079
USD,2023-06-08,290.9686
USD,2023-06-07,291.2115
USD,2023-06-06,291.5413
USD,2023-06-05,292.3145
USD,2023-06-02,292.2778
USD,2023-06-01,292.4557
USD,2023-05-31,295.5211
USD,2023-05-30,296.6888
USD,2023-05-29,299.1118
USD,2023-05-26,303.0500
USD,2023-05-25,303.2681
USD,2023-05-24,304.7070
USD,2023-05-23,305.8837
USD,2023-05-22,307.0783
USD,2023-05-19,305.7839
USD,2023-05-18,307.3664
USD,2023-05-17,310.4042
USD,2023-05-16,312.6390
USD,2023-05-15,313.2454
USD,2023-05-12,313.6540
USD,2023-05-11,316.6797
USD,2023-05-10,318.0867
USD,2023-05-09,318.5233
USD,2023-05-08,319.4428
USD,2023-05-04,319.9665
USD,2023-05-03,320.9014
USD,2023-05-02,321.4389
USD,2023-04-28,321.6500
USD,2023-04-27,321.6324
USD,2023-04-26,321.7598
USD,2023-04-25,321.8000
USD,2023-04-24,321.6512
USD,2023-04-21,321.1373
USD,2023-04-20,320.7155
USD,2023-04-19,320.8300
USD,2023-04-18,319.9261
USD,2023-04-17,319.5718
USD,2023-04-12,319.8500
USD,2023-04-11,319.8330
USD,2023-04-10,319.9741
USD,2023-04-06,321.1748
USD,2023-04-04,323.7837
USD,2023-04-03,327.5000
USD,2023-03-31,327.2857
USD,2023-03-30,325.6324
USD,2023-03-29,322.6667
USD,2023-03-28,319.9778
USD,2023-03-27,320.5985
USD,2023-03-24,318.6334
USD,2023-03-23,317.3116
USD,2023-03-22,321.8906
USD,2023-03-21,335.0815
USD,2023-03-20,335.2842
USD,2023-03-17,336.8000
USD,2023-03-16,337.2877
USD,2023-03-15,327.0617
USD,2023-03-14,322.9615
USD,2023-03-13,319.1050
USD,2023-03-10,318.6330
USD,2023-03-09,319.5585
USD,2023-03-08,326.6337
USD,2023-03-07,337.6693
USD,2023-03-03,346.1724
USD,2023-03-02,353.6543
USD,2023-03-01,358.4593
USD,2023-02-28,361.6318
USD,2023-02-27,362.4983
USD,2023-02-24,362.6680
USD,2023-02-23,361.6600
USD,2023-02-22,361.6615
USD,2023-02-21,361.9200
USD,2023-02-20,361.9200
USD,2023-02-17,361.9200
USD,2023-02-16,361.9200
USD,2023-02-15,361.9200
USD,2023-02-14,361.9200
USD,2023-02-13,361.9200
USD,2023-02-10,361.9226
USD,2023-02-09,361.9226
USD,2023-02-08,361.9600
USD,2023-02-07,361.9600
USD,2023-02-06,361.9589
USD,2023-02-03,361.9686
USD,2023-02-02,362.1400
USD,2023-02-01,362.1400
USD,2023-01-31,362.1400
USD,2023-01-30,362.1400
USD,2023-01-27,362.1400
USD,2023-01-26,362.1400
USD,2023-01-25,362.1600
USD,2023-01-24,362.1600
USD,2023-01-23,362.1600
USD,2023-01-20,362.1694
USD,2023-01-19,362.2698
USD,2023-01-18,362.2400
USD,2023-01-17,362.2400
USD,2023-01-13,362.2400
USD,2023-01-12,362.2400
USD,2023-01-11,362.2400
USD,2023-01-10,362.2446
USD,2023-01-09,363.0917
USD,2023-01-05,363.1100
USD,2023-01-04,363.1100
USD,2023-01-03,363.1100
USD,2023-01-02,363.1100
USD,2022-12-30,363.1100
USD,2022-12-29,363.1300
USD,2022-12-28,363.1326
USD,2022-12-27,363.1000
USD,2022-12-23,363.1733
USD,2022-12-22,363.1600
USD,2022-12-21,363.1600
USD,2022-12-20,363.1612
USD,2022-12-19,363.1800
USD,2022-12-16,363.1800
USD,2022-12-15,363.1800
USD,2022-12-14,363.1800
USD,2022-12-13,363.1800
USD,2022-12-12,363.1800
USD,2022-12-09,363.1800
USD,2022-12-08,363.1800
USD,2022-12-06,363.1800
USD,2022-12-05,363.1767
USD,2022-12-02,363.1900
USD,2022-12-01,363.1900
USD,2022-11-30,363.1875
USD,2022-11-29,363.1875
USD,2022-11-28,363.0000
USD,2022-11-25,363.0000
USD,2022-11-24,363.5000
USD,2022-11-23,363.5000
USD,2022-11-22,363.5000
USD,2022-11-21,363.5000
USD,2022-11-18,363.5000
USD,2022-11-17,363.5000
USD,2022-11-16,363.5000
USD,2022-11-15,363.5000
USD,2022-11-14,363.5000
USD,2022-11-11,363.5000
USD,2022-11-10,363.5000
USD,2022-11-09,363.5000
USD,2022-11-08,363.5000
USD,2022-11-04,363.5000
USD,2022-11-03,363.3000
USD,2022-11-02,363.3000
USD,2022-11-01,363.3000
USD,2022-10-31,363.3000
USD,2022-10-28,363.3000
USD,2022-10-27,363.3000
USD,2022-10-26,363.3000
USD,2022-10-25,363.3800
USD,2022-10-21,363.3800
USD,2022-10-20,363.3800
USD,2022-10-19,363.3800
USD,2022-10-18,363.3800
USD,2022-10-17,363.3800
USD,2022-10-14,363.1400
USD,2022-10-13,362.9000
USD,2022-10-12,362.9000
USD,2022-10-11,362.9000
USD,2022-10-07,362.9000
USD,2022-10-06,362.9000
USD,2022-10-05,362.9000
USD,2022-10-04,362.9000
USD,2022-10-03,362.9000
USD,2022-09-30,362.9000
USD,2022-09-29,362.9000
USD,2022-09-28,362.9000
USD,2022-09-27,362.9000
USD,2022-09-26,362.9000
USD,2022-09-23,362.9000
USD,2022-09-22,362.9000
USD,2022-09-21,362.9000
USD,2022-09-20,362.9000
USD,2022-09-19,362.9000
USD,2022-09-16,362.9000
USD,2022-09-15,362.4500
USD,2022-09-14,362.4500
USD,2022-09-13,362.2824
USD,2022-09-12,362.2000
USD,2022-09-09,362.0000
USD,2022-09-08,361.9000
USD,2022-09-07,361.8056
USD,2022-09-06,361.4500
USD,2022-09-05,361.4500
USD,2022-09-02,361.4500
USD,2022-09-01,361.0786
USD,2022-08-31,361.1480
USD,2022-08-30,361.2900
USD,2022-08-29,361.1700
USD,2022-08-26,361.4000
USD,2022-08-25,361.0000
USD,2022-08-24,361.0000
USD,2022-08-23,361.0000
USD,2022-08-22,360.9467
USD,2022-08-19,361.0000
USD,2022-08-18,360.9733
USD,2022-08-17,360.9600
USD,2022-08-16,360.9733
USD,2022-08-15,360.9200
USD,2022-08-12,360.8500
USD,2022-08-10,360.9400
USD,2022-08-09,360.9400
USD,2022-08-08,360.8000
USD,2022-08-05,360.8000
USD,2022-08-04,360.9254
USD,2022-08-03,360.9254
USD,2022-08-02,361.0000
USD,2022-08-01,361.0000
USD,2022-07-29,360.8000
USD,2022-07-28,361.0000
USD,2022-07-27,361.0000
USD,2022-07-26,361.0000
USD,2022-07-25,361.0900
USD,2022-07-22,361.3000
USD,2022-07-21,361.6700
USD,2022-07-20,361.8700
USD,2022-07-19,361.1657
USD,2022-07-18,361.0331
USD,2022-07-15,361.2400
USD,2022-07-14,361.9000
USD,2022-07-12,360.9048
USD,2022-07-11,361.3500
USD,2022-07-08,360.3497
USD,2022-07-07,360.8200
USD,2022-07-06,359.8167
USD,2022-07-05,359.7941
USD,2022-07-04,359.7941
USD,2022-07-01,359.5500
USD,2022-06-30,359.8782
USD,2022-06-29,359.7200
USD,2022-06-28,359.9000
USD,2022-06-27,360.3000
USD,2022-06-24,360.3000
USD,2022-06-23,360.9000
USD,2022-06-22,360.9000
USD,2022-06-21,361.7500
USD,2022-06-20,360.7500
USD,2022-06-17,359.7500
USD,2022-06-16,359.8500
USD,2022-06-15,359.8500
USD,2022-06-13,359.8338
USD,2022-06-10,359.8000
USD,2022-06-09,360.0255
USD,2022-06-08,360.0255
USD,2022-06-07,360.2773
USD,2022-06-06,360.2773
USD,2022-06-03,360.3000
USD,2022-06-02,360.6000
USD,2022-06-01,360.1114
USD,2022-05-31,360.7600
USD,2022-05-30,360.7600
USD,2022-05-27,359.2500
USD,2022-05-26,359.7079
USD,2022-05-25,359.3764
USD,2022-05-24,359.3764
USD,2022-05-23,359.4373
USD,2022-05-20,359.4750
USD,2022-05-19,359.5500
USD,2022-05-18,359.6500
USD,2022-05-17,359.7500
USD,2022-05-13,360.0000
USD,2022-05-12,360.0000
USD,2022-05-11,364.7600
USD,2022-05-10,364.7600
USD,2022-05-09,364.7600
USD,2022-05-06,358.5686
USD,2022-05-05,349.9000
USD,2022-05-04,340.0000
USD,2022-04-29,341.8500
USD,2022-04-28,341.8500
USD,2022-04-27,337.9000
USD,2022-04-26,340.4650
USD,2022-04-25,334.8000
USD,2022-04-22,334.8000
USD,2022-04-21,335.0000
USD,2022-04-20,310.0000
USD,2022-04-19,310.0000
USD,2022-04-18,313.6700
USD,2022-04-12,313.6700
USD,2022-04-11,311.6750
USD,2022-04-08,299.0000
USD,2022-04-07,299.8125
USD,2022-04-06,307.7891
USD,2022-04-05,307.7891
USD,2022-04-04,310.8571
USD,2022-04-01,299.0000
USD,2022-03-31,299.0000
USD,2022-03-30,306.0796
USD,2022-03-29,294.9843
USD,2022-03-28,294.9843
USD,2022-03-25,290.0000
USD,2022-03-24,280.0000
USD,2022-03-23,280.4200
USD,2022-03-22,280.0000
USD,2022-03-21,275.0000
USD,2022-03-18,267.8769
USD,2022-03-16,267.8621
USD,2022-03-15,263.3300
USD,2022-03-14,251.9685
USD,2022-03-11,251.9685
USD,2022-03-10,229.3358
USD,2022-03-09,229.5000
USD,2022-03-08,202.0909
USD,2022-03-07,202.0400
USD,2022-03-04,201.6305
USD,2022-03-03,202.0000
USD,2022-03-02,201.8979
USD,2022-02-28,201.0571
USD,2022-02-25,202.3300
USD,2022-02-24,201.1908
USD,2022-02-23,201.1908
USD,2022-02-22,202.0000
USD,2022-02-21,201.9298
USD,2022-02-18,202.1141
USD,2022-02-17,202.0123
USD,2022-02-15,201.0000
USD,2022-02-14,201.0142
USD,2022-02-11,202.0000
USD,2022-02-10,201.9637
USD,2022-02-09,202.0659
USD,2022-02-08,202.4091
USD,2022-02-07,202.0000
USD,2022-02-03,201.5833
USD,2022-02-02,201.4205
USD,2022-02-01,201.9700
USD,2022-01-31,201.1910
USD,2022-01-28,201.1910
USD,2022-01-27,202.0000
USD,2022-01-26,201.5882
USD,2022-01-25,202.0323
USD,2022-01-24,202.0000
USD,2022-01-21,202.7500
USD,2022-01-20,201.0530
USD,2022-01-19,201.9442
USD,2022-01-18,201.9442
USD,2022-01-13,201.7844
USD,2022-01-12,200.9798
USD,2022-01-11,200.9450
USD,2022-01-10,201.9011
USD,2022-01-07,201.3347
USD,2022-01-06,201.0480
USD,2022-01-05,201.7081
USD,2022-01-04,200.0000
USD,2022-01-03,200.4338
USD,2021-12-31,200.4338
USD,2021-12-30,203.0000
USD,2021-12-29,201.0000
USD,2021-12-28,201.5032
USD,2021-12-27,200.9180
USD,2021-12-24,200.9180
USD,2021-12-23,200.7232
USD,2021-12-22,201.3214
USD,2021-12-21,201.5100
USD,2021-12-20,203.0000
USD,2021-12-17,201.5384
USD,2021-12-16,200.6717
USD,2021-12-15,201.8730
USD,2021-12-14,201.8730
USD,2021-12-13,201.3297
USD,2021-12-10,201.0603
USD,2021-12-09,201.2222
USD,2021-12-08,201.5945
USD,2021-12-07,200.0100
USD,2021-12-06,202.2500
USD,2021-12-03,200.4453
USD,2021-12-02,201.9333
USD,2021-12-01,202.0474
USD,2021-11-30,202.0474
USD,2021-11-29,201.7582
USD,2021-11-26,201.2131
USD,2021-11-25,200.9721
USD,2021-11-24,200.7778
USD,2021-11-23,202.4167
USD,2021-11-22,202.2000
USD,2021-11-19,202.1920
USD,2021-11-17,201.3428
USD,2021-11-16,202.0500
USD,2021-11-15,202.0500
USD,2021-11-12,202.3478
USD,2021-11-11,201.4145
USD,2021-11-10,202.3848
USD,2021-11-09,202.0549
USD,2021-11-08,200.3103
USD,2021-11-05,202.6244
USD,2021-11-03,202.5566
USD,2021-11-02,202.4998
USD,2021-11-01,201.9500
USD,2021-10-29,201.8705
USD,2021-10-28,200.0311
USD,2021-10-27,202.2092
USD,2021-10-26,203.0000
USD,2021-10-25,201.9836
USD,2021-10-22,201.0455
USD,2021-10-21,200.5117
USD,2021-10-18,200.0930
USD,2021-10-15,201.2500
USD,2021-10-14,200.0018
USD,2021-10-13,200.0000
USD,2021-10-12,202.4000
USD,2021-10-11,202.4000
USD,2021-10-08,202.9800
USD,2021-10-07,200.0350
USD,2021-10-06,200.0600
USD,2021-10-05,200.0000
USD,2021-10-04,200.1400
USD,2021-10-01,200.6959
USD,2021-09-30,199.9857
USD,2021-09-29,199.9857
USD,2021-09-28,200.0335
USD,2021-09-27,200.0000
USD,2021-09-24,200.2591
USD,2021-09-23,199.9000
USD,2021-09-22,199.6314
USD,2021-09-21,199.9330
USD,2021-09-17,200.0000
USD,2021-09-16,200.0063
USD,2021-09-15,200.0000
USD,2021-09-14,200.0000
USD,2021-09-13,200.0000
USD,2021-09-10,200.0000
USD,2021-09-09,199.9815
USD,2021-09-08,199.9500
USD,2021-09-07,207.3455
USD,2021-09-06,207.3455
USD,2021-09-03,207.3455
USD,2021-09-02,210.0000
USD,2021-09-01,210.0000
USD,2021-08-31,210.0000
USD,2021-08-30,202.6164
USD,2021-08-27,200.0000
USD,2021-08-26,199.9500
USD,2021-08-25,199.9000
USD,2021-08-24,199.9000
USD,2021-08-23,199.9000
USD,2021-08-20,199.9000
USD,2021-08-19,199.9000
USD,2021-08-18,199.9000
USD,2021-08-17,199.9217
USD,2021-08-16,199.9800
USD,2021-08-13,199.9160
USD,2021-08-12,199.9160
USD,2021-08-11,199.9160
USD,2021-08-10,199.9000
USD,2021-08-09,199.9075
USD,2021-08-06,199.9000
USD,2021-08-05,199.9000
USD,2021-08-04,199.9000
USD,2021-08-03,199.9000
USD,2021-08-02,199.9000
USD,2021-07-30,199.9000
USD,2021-07-29,199.9033
USD,2021-07-28,199.9000
USD,2021-07-27,199.9076
USD,2021-07-26,199.9329
USD,2021-07-22,199.9000
USD,2021-07-20,199.9019
USD,2021-07-19,199.8942
USD,2021-07-16,199.9000
USD,2021-07-15,199.8998
USD,2021-07-14,199.9000
USD,2021-07-13,199.9000
USD,2021-07-12,199.9056
USD,2021-07-09,199.9000
USD,2021-07-08,199.9000
USD,2021-07-07,199.9000
USD,2021-07-06,199.9000
USD,2021-07-05,199.9079
USD,2021-07-02,200.5222
USD,2021-07-01,200.7800
USD,2021-06-30,201.1381
USD,2021-06-29,199.9005
USD,2021-06-28,199.8904
USD,2021-06-25,199.8664
USD,2021-06-23,199.8938
USD,2021-06-22,199.9083
USD,2021-06-21,199.8743
USD,2021-06-18,199.8265
USD,2021-06-17,199.8643
USD,2021-06-16,199.7238
USD,2021-06-15,199.5000
USD,2021-06-14,199.8891
USD,2021-06-11,199.7609
USD,2021-06-10,199.6761
USD,2021-06-09,199.8250
USD,2021-06-08,199.6950
USD,2021-06-07,199.6853
USD,2021-06-04,199.6853
USD,2021-06-03,199.5342
USD,2021-06-02,199.5000
USD,2021-06-01,199.5000
USD,2021-05-31,199.5000
USD,2021-05-28,199.5632
USD,2021-05-25,199.5057
USD,2021-05-24,199.6668
USD,2021-05-21,199.9000
USD,2021-05-20,199.6625
USD,2021-05-19,199.6716
USD,2021-05-18,199.7873
USD,2021-05-17,199.5000
USD,2021-05-13,199.5000
USD,2021-05-12,199.5695
USD,2021-05-11,199.5817
USD,2021-05-10,199.5062
USD,2021-05-07,199.5155
USD,2021-05-06,199.5887
USD,2021-05-05,199.5872
USD,2021-05-04,199.6915
USD,2021-05-03,199.2275
USD,2021-04-30,199.5437
USD,2021-04-29,199.7500
USD,2021-04-28,197.5000
USD,2021-04-27,197.5000
USD,2021-04-23,191.9368
USD,2021-04-22,192.0000
USD,2021-04-21,191.8810
USD,2021-04-20,191.9721
USD,2021-04-19,194.4485
USD,2021-04-16,199.9346
USD,2021-04-15,200.0000
USD,2021-04-12,199.9100
USD,2021-04-09,199.8744
USD,2021-04-08,200.0184
USD,2021-04-07,199.0050
USD,2021-04-06,199.7500
USD,2021-04-05,199.3750
USD,2021-04-01,199.2153
USD,2021-03-31,199.0377
USD,2021-03-30,199.4353
USD,2021-03-29,198.1705
USD,2021-03-26,198.4450
USD,2021-03-25,198.0000
USD,2021-03-24,198.9530
USD,2021-03-23,197.7692
USD,2021-03-22,197.4667
USD,2021-03-19,199.2803
USD,2021-03-18,197.4500
USD,2021-03-17,198.4945
USD,2021-03-16,196.7750
USD,2021-03-15,196.0383
USD,2021-03-12,196.5333
USD,2021-03-10,195.9905
USD,2021-03-09,195.5000
USD,2021-03-08,195.5000
USD,2021-03-05,195.3636
USD,2021-03-04,195.2692
USD,2021-03-03,195.6288
USD,2021-03-02,194.5000
USD,2021-03-01,194.0149
USD,2021-02-25,194.0119
USD,2021-02-24,194.0560
USD,2021-02-23,194.2126
USD,2021-02-22,194.8257
USD,2021-02-19,194.8500
USD,2021-02-18,194.8500
USD,2021-02-17,194.9580
USD,2021-02-16,193.9717
USD,2021-02-15,193.9717
USD,2021-02-12,194.6250
USD,2021-02-11,194.5000
USD,2021-02-10,194.3090
USD,2021-02-09,194.3580
USD,2021-02-08,193.7369
USD,2021-02-05,194.4118
USD,2021-02-03,194.0008
USD,2021-02-02,192.5656
USD,2021-02-01,190.9824
USD,2021-01-29,194.3948
USD,2021-01-27,195.8630
USD,2021-01-26,196.1519
USD,2021-01-25,196.8017
USD,2021-01-22,196.4250
USD,2021-01-21,194.7980
USD,2021-01-20,194.7980
USD,2021-01-19,193.6458
USD,2021-01-18,192.7447
USD,2021-01-15,191.0367
USD,2021-01-13,186.9940
USD,2021-01-12,187.0000
USD,2021-01-11,187.5251
USD,2021-01-08,185.5000
USD,2021-01-07,185.0000
USD,2021-01-06,185.0000
USD,2021-01-05,185.0000
USD,2021-01-04,185.2750
USD,2021-01-01,185.3906
USD,2020-12-31,186.4082
USD,2020-12-30,187.9667
USD,2020-12-28,190.2846
USD,2020-12-24,190.2188
USD,2020-12-23,189.2842
USD,2020-12-22,187.7000
USD,2020-12-21,187.8600
USD,2020-12-18,187.8780
USD,2020-12-17,188.0686
USD,2020-12-16,187.8877
USD,2020-12-15,186.7323
USD,2020-12-14,186.0200
USD,2020-12-11,185.9087
USD,2020-12-10,185.9231
USD,2020-12-09,186.1692
USD,2020-12-08,186.2349
USD,2020-12-07,185.4773
USD,2020-12-04,186.5279
USD,2020-12-03,186.8761
USD,2020-12-02,185.6000
USD,2020-12-01,185.8000
USD,2020-11-30,184.9601
USD,2020-11-27,185.2192
USD,2020-11-26,185.5071
USD,2020-11-25,185.4000
USD,2020-11-24,185.4844
USD,2020-11-23,185.1174
USD,2020-11-20,184.6405
USD,2020-11-19,184.9321
USD,2020-11-18,184.9000
USD,2020-11-17,185.0098
USD,2020-11-16,184.6106
USD,2020-11-13,184.6036
USD,2020-11-12,184.5985
USD,2020-11-11,184.5183
USD,2020-11-10,184.6113
USD,2020-11-09,184.4664
USD,2020-11-06,184.4370
USD,2020-11-05,184.3855
USD,2020-11-04,184.4310
USD,2020-11-03,184.4256
USD,2020-11-02,184.2938
USD,2020-10-29,184.2769
USD,2020-10-28,184.2983
USD,2020-10-27,184.3315
USD,2020-10-26,184.5397
USD,2020-10-23,184.3012
USD,2020-10-22,184.3514
USD,2020-10-21,184.4198
USD,2020-10-20,184.3122
USD,2020-10-19,184.3203
USD,2020-10-16,184.6942
USD,2020-10-15,184.6039
USD,2020-10-14,184.2721
USD,2020-10-13,184.1919
USD,2020-10-12,184.1909
USD,2020-10-09,184.1916
USD,2020-10-08,184.4723
USD,2020-10-07,184.7127
USD,2020-10-06,184.7631
USD,2020-10-05,184.5675
USD,2020-10-02,184.9467
USD,2020-09-30,185.5224
USD,2020-09-29,185.2765
USD,2020-09-28,185.1969
USD,2020-09-25,185.0175
USD,2020-09-24,185.0959
USD,2020-09-23,185.3808
USD,2020-09-22,185.5337
USD,2020-09-21,185.3935
USD,2020-09-18,184.9621
USD,2020-09-17,184.8888
USD,2020-09-16,184.4109
USD,2020-09-15,184.2087
USD,2020-09-14,184.5487
USD,2020-09-11,184.7360
USD,2020-09-10,184.3531
USD,2020-09-09,184.3959
USD,2020-09-08,184.7814
USD,2020-09-07,185.2125
USD,2020-09-04,185.2317
USD,2020-09-03,185.4189
USD,2020-09-02,186.1004
USD,2020-08-31,186.1578
USD,2020-08-28,186.2504
USD,2020-08-27,186.3253
USD,2020-08-26,186.1231
USD,2020-08-25,184.7242
USD,2020-08-24,184.1213
USD,2020-08-21,186.0642
USD,2020-08-20,185.2732
USD,2020-08-19,184.0783
USD,2020-08-18,183.3052
USD,2020-08-17,182.8155
USD,2020-08-14,182.6450
USD,2020-08-13,183.4614
USD,2020-08-12,184.2772
USD,2020-08-11,184.8127
USD,2020-08-10,185.3294
USD,2020-08-07,185.4435
USD,2020-08-06,185.5025
USD,2020-08-05,185.5532
USD,2020-08-04,185.6137
USD,2020-07-31,185.6769
USD,2020-07-30,185.7224
USD,2020-07-29,185.7586
USD,2020-07-28,185.7498
USD,2020-07-27,185.7681
USD,2020-07-24,185.7495
USD,2020-07-23,185.7909
USD,2020-07-22,185.7760
USD,2020-07-21,185.7477
USD,2020-07-20,185.7792
USD,2020-07-17,185.8043
USD,2020-07-16,185.8084
USD,2020-07-15,185.8384
USD,2020-07-14,185.9109
USD,2020-07-13,185.8664
USD,2020-07-10,185.7142
USD,2020-07-09,185.8278
USD,2020-07-08,185.8464
USD,2020-07-07,185.8686
USD,2020-07-06,185.9691
USD,2020-07-03,186.0915
USD,2020-07-02,186.2482
USD,2020-07-01,186.2067
USD,2020-06-30,186.2292
USD,2020-06-29,186.1179
USD,2020-06-26,186.4400
USD,2020-06-25,186.5942
USD,2020-06-24,186.6693
USD,2020-06-23,186.6030
USD,2020-06-22,186.5972
USD,2020-06-19,186.5611
USD,2020-06-18,186.6082
USD,2020-06-17,185.9544
USD,2020-06-16,185.6585
USD,2020-06-15,185.1799
USD,2020-06-12,185.1677
USD,2020-06-11,185.1107
USD,2020-06-10,185.0856
USD,2020-06-09,185.0714
USD,2020-06-08,185.4808
USD,2020-06-04,185.7939
USD,2020-06-03,185.8628
USD,2020-06-02,186.1136
USD,2020-06-01,186.1456
USD,2020-05-29,186.2865
USD,2020-05-28,186.1153
USD,2020-05-27,186.0810
USD,2020-05-26,185.6954
USD,2020-05-22,186.9062
USD,2020-05-21,187.2876
USD,2020-05-20,187.6121
USD,2020-05-19,187.5900
USD,2020-05-18,187.9868
USD,2020-05-15,188.0186
USD,2020-05-14,188.1954
USD,2020-05-13,188.4262
USD,2020-05-12,188.1075
USD,2020-05-11,188.3479
USD,2020-05-06,188.9520
USD,2020-05-05,190.1281
USD,2020-05-04,191.9692
USD,2020-04-30,192.8500
USD,2020-04-29,192.7667
USD,2020-04-28,192.5000
USD,2020-04-27,192.0000
USD,2020-04-24,192.0000
USD,2020-04-23,192.7200
USD,2020-04-22,192.6909
USD,2020-04-21,194.8458
USD,2020-04-20,191.7233
USD,2020-04-17,192.6776
USD,2020-04-16,191.6919
USD,2020-04-15,192.9366
USD,2020-04-09,199.7543
USD,2020-04-08,198.4216
USD,2020-04-06,194.8023
USD,2020-04-03,191.0000
USD,2020-04-02,190.0000
USD,2020-04-01,190.1563
USD,2020-03-31,188.6236
USD,2020-03-30,190.5000
USD,2020-03-27,189.2500
USD,2020-03-26,189.2500
USD,2020-03-25,189.2500
USD,2020-03-24,187.0000
USD,2020-03-23,187.0000
USD,2020-03-20,186.9384
USD,2020-03-19,184.9298
USD,2020-03-18,185.0854
USD,2020-03-17,183.6968
USD,2020-03-13,182.8203
USD,2020-03-12,182.4348
USD,2020-03-11,182.4495
USD,2020-03-10,181.8312
USD,2020-03-06,181.9223
USD,2020-03-05,182.0347
USD,2020-03-04,182.1086
USD,2020-03-03,182.0821
USD,2020-03-02,181.9261
USD,2020-02-28,181.8071
USD,2020-02-27,181.6870
USD,2020-02-26,181.7458
USD,2020-02-25,181.7795
USD,2020-02-24,181.8423
USD,2020-02-20,181.8976
USD,2020-02-19,181.6199
USD,2020-02-18,181.5334
USD,2020-02-17,181.4757
USD,2020-02-14,181.4571
USD,2020-02-13,181.4481
USD,2020-02-12,181.4240
USD,2020-02-11,181.4241
USD,2020-02-10,181.3709
USD,2020-02-07,181.3408
USD,2020-02-06,181.3973
USD,2020-02-05,181.4781
USD,2020-02-03,181.4017
USD,2020-01-31,181.5857
USD,2020-01-30,181.4984
USD,2020-01-29,181.5348
USD,2020-01-28,181.5275
USD,2020-01-27,181.4427
USD,2020-01-24,181.4156
USD,2020-01-23,181.4718
USD,2020-01-22,181.3344
USD,2020-01-21,181.3382
USD,2020-01-20,181.3097
USD,2020-01-17,181.3814
USD,2020-01-16,181.5279
USD,2020-01-14,181.3012
USD,2020-01-13,181.4054
USD,2020-01-09,181.4217
USD,2020-01-08,181.3102
USD,2020-01-07,181.4523
USD,2020-01-06,181.3198
USD,2020-01-03,181.3687
USD,2020-01-02,181.0280
USD,2020-01-01,181.5011
USD,2019-12-31,181.6340
USD,2019-12-30,181.3597
USD,2019-12-27,181.3709
USD,2019-12-26,181.3985
USD,2019-12-24,181.2940
USD,2019-12-23,181.3806
USD,2019-12-20,181.3295
USD,2019-12-19,181.1935
USD,2019-12-18,181.1156
USD,2019-12-17,181.2795
USD,2019-12-16,181.0586
USD,2019-12-13,180.8635
USD,2019-12-12,181.1914
USD,2019-12-10,181.2534
USD,2019-12-09,181.4231
USD,2019-12-06,181.2836
USD,2019-12-05,181.3196
USD,2019-12-04,181.4671
USD,2019-12-03,180.9742
USD,2019-12-02,180.8879
USD,2019-11-29,180.4323
USD,2019-11-28,181.0010
USD,2019-11-27,181.1855
USD,2019-11-26,180.4910
USD,2019-11-25,179.9723
USD,2019-11-22,179.4674
USD,2019-11-21,179.1466
USD,2019-11-20,179.2694
USD,2019-11-19,179.9096
USD,2019-11-18,180.2128
USD,2019-11-15,180.2548
USD,2019-11-14,180.1982
USD,2019-11-13,180.6983
USD,2019-11-08,180.9083
USD,2019-11-07,180.5518
USD,2019-11-06,180.0088
USD,2019-11-05,180.7581
USD,2019-11-04,181.2844
USD,2019-11-01,181.3352
USD,2019-10-31,181.6011
USD,2019-10-30,181.5614
USD,2019-10-29,181.4573
USD,2019-10-28,181.3109
USD,2019-10-25,181.1849
USD,2019-10-24,181.4849
USD,2019-10-23,181.6278
USD,2019-10-22,181.8116
USD,2019-10-21,181.9793
USD,2019-10-18,182.0273
USD,2019-10-17,181.8746
USD,2019-10-16,181.7571
USD,2019-10-15,180.7469
USD,2019-10-14,180.6777
USD,2019-10-11,180.6293
USD,2019-10-10,180.4535
USD,2019-10-09,180.6316
USD,2019-10-08,181.0633
USD,2019-10-07,181.4570
USD,2019-10-04,181.6494
USD,2019-10-03,182.1190
USD,2019-10-02,182.3272
USD,2019-10-01,181.9427
USD,2019-09-30,181.9272
USD,2019-09-27,181.7509
USD,2019-09-26,181.4791
USD,2019-09-25,181.4365
USD,2019-09-24,181.2799
USD,2019-09-23,181.0995
USD,2019-09-20,180.9846
USD,2019-09-19,180.8088
USD,2019-09-18,180.6267
USD,2019-09-17,180.4781
USD,2019-09-16,180.3466
USD,2019-09-12,180.3541
USD,2019-09-11,180.3981
USD,2019-09-10,180.5674
USD,2019-09-09,180.8506
USD,2019-09-06,180.6611
USD,2019-09-05,180.5399
USD,2019-09-04,180.2128
USD,2019-09-03,179.6846
USD,2019-09-02,180.0171
USD,2019-08-30,180.7243
USD,2019-08-29,180.0718
USD,2019-08-28,179.6824
USD,2019-08-27,179.8292
USD,2019-08-26,179.9776
USD,2019-08-23,179.4669
USD,2019-08-22,178.3839
USD,2019-08-21,177.7501
USD,2019-08-20,177.3646
USD,2019-08-19,177.0103
USD,2019-08-16,177.0430
USD,2019-08-15,176.9031
USD,2019-08-13,176.8472
USD,2019-08-09,177.3123
USD,2019-08-08,177.5744
USD,2019-08-07,177.2986
USD,2019-08-06,176.8192
USD,2019-08-05,176.5943
USD,2019-08-02,176.4103
USD,2019-08-01,176.3463
USD,2019-07-31,176.2420
USD,2019-07-30,176.1860
USD,2019-07-29,176.1722
USD,2019-07-26,176.1621
USD,2019-07-25,176.1681
USD,2019-07-24,176.0787
USD,2019-07-23,175.8648
USD,2019-07-22,175.8185
USD,2019-07-19,175.6818
USD,2019-07-18,175.6897
USD,2019-07-17,175.6066
USD,2019-07-15,175.5101
USD,2019-07-12,175.4623
USD,2019-07-11,175.5204
USD,2019-07-10,175.9131
USD,2019-07-09,176.1689
USD,2019-07-08,176.1646
USD,2019-07-05,176.0788
USD,2019-07-04,176.0964
USD,2019-07-03,176.3445
USD,2019-07-02,176.3296
USD,2019-07-01,176.5246
USD,2019-06-28,176.5424
USD,2019-06-27,176.5776
USD,2019-06-26,176.4128
USD,2019-06-25,176.6818
USD,2019-06-24,176.7773
USD,2019-06-21,176.6842
USD,2019-06-20,176.7650
USD,2019-06-19,176.8237
USD,2019-06-18,176.8799
USD,2019-06-17,176.7413
USD,2019-06-14,176.6075
USD,2019-06-13,176.4977
USD,2019-06-12,176.4514
USD,2019-06-11,176.4789
USD,2019-06-10,176.4305
USD,2019-06-07,176.4107
USD,2019-06-06,176.4209
USD,2019-06-04,176.5159
USD,2019-06-03,176.4889
USD,2019-05-31,176.4128
USD,2019-05-30,176.2329
USD,2019-05-29,176.3195
USD,2019-05-28,176.1232
USD,2019-05-27,176.4884
USD,2019-05-24,176.6843
USD,2019-05-23,176.6620
USD,2019-05-22,176.1838
USD,2019-05-21,175.8892
USD,2019-05-17,176.2791
USD,2019-05-16,176.4147
USD,2019-05-15,176.7966
USD,2019-05-14,176.5361
USD,2019-05-13,176.1648
USD,2019-05-10,175.5290
USD,2019-05-09,176.1030
USD,2019-05-08,177.2202
USD,2019-05-07,177.6200
USD,2019-05-06,176.9390
USD,2019-05-03,176.8017
USD,2019-05-02,175.9381
USD,2019-04-30,175.4635
USD,2019-04-29,175.2400
USD,2019-04-26,175.0153
USD,2019-04-25,174.7458
USD,2019-04-24,174.5900
USD,2019-04-23,174.7604
USD,2019-04-22,174.4335
USD,2019-04-18,174.6659
USD,2019-04-17,174.6477
USD,2019-04-16,174.6152
USD,2019-04-12,174.6648
USD,2019-04-11,174.7157
USD,2019-04-10,174.7282
USD,2019-04-09,174.7209
USD,2019-04-08,174.8440
USD,2019-04-05,174.7415
USD,2019-04-04,174.6211
USD,2019-04-03,174.5033
USD,2019-04-02,174.7519
USD,2019-04-01,175.5550
USD,2019-03-29,176.1300
USD,2019-03-28,176.4251
USD,2019-03-27,177.8233
USD,2019-03-26,178.1560
USD,2019-03-25,178.0969
USD,2019-03-22,178.1267
USD,2019-03-21,178.4624
USD,2019-03-19,178.4080
USD,2019-03-18,178.7486
USD,2019-03-15,178.8800
USD,2019-03-14,178.9307
USD,2019-03-13,178.7689
USD,2019-03-12,178.5096
USD,2019-03-11,178.3794
USD,2019-03-08,178.4507
USD,2019-03-07,178.5012
USD,2019-03-06,179.5852
USD,2019-03-05,179.6806
USD,2019-03-01,180.1021
USD,2019-02-28,179.7994
USD,2019-02-27,179.8414
USD,2019-02-26,179.7118
USD,2019-02-25,179.4820
USD,2019-02-22,179.5583
USD,2019-02-21,179.6042
USD,2019-02-20,179.6789
USD,2019-02-18,178.7021
USD,2019-02-15,178.6319
USD,2019-02-14,178.5202
USD,2019-02-13,178.2212
USD,2019-02-12,177.7812
USD,2019-02-11,177.9469
USD,2019-02-08,177.5755
USD,2019-02-07,178.0456
USD,2019-02-06,177.8240
USD,2019-02-05,177.5497
USD,2019-02-01,178.7208
USD,2019-01-31,179.8821
USD,2019-01-30,181.5259
USD,2019-01-29,181.6271
USD,2019-01-28,181.6262
USD,2019-01-25,181.8987
USD,2019-01-24,182.2630
USD,2019-01-23,181.8500
USD,2019-01-22,181.7506
USD,2019-01-21,181.7405
USD,2019-01-18,182.3121
USD,2019-01-17,182.3850
USD,2019-01-16,182.2205
USD,2019-01-14,181.8156
USD,2019-01-11,182.2920
USD,2019-01-10,182.6258
USD,2019-01-09,182.4676
USD,2019-01-08,182.5069
USD,2019-01-07,182.8278
USD,2019-01-04,182.8783
USD,2019-01-03,182.8568
USD,2019-01-02,182.5464
USD,2019-01-01,182.9113
USD,2018-12-31,182.7499
USD,2018-12-28,182.2783
USD,2018-12-27,181.7208
USD,2018-12-26,181.4720
USD,2018-12-24,181.2244
USD,2018-12-21,180.7979
USD,2018-12-20,180.4000
USD,2018-12-19,180.0312
USD,2018-12-18,179.8466
USD,2018-12-17,179.8685
USD,2018-12-14,179.6566
USD,2018-12-13,179.4668
USD,2018-12-12,179.1527
USD,2018-12-11,178.8981
USD,2018-12-10,178.8155
USD,2018-12-07,179.1104
USD,2018-12-06,179.1033
USD,2018-12-05,178.9267
USD,2018-12-04,178.8232
USD,2018-12-03,179.6165
USD,2018-11-30,179.6722
USD,2018-11-29,180.0474
USD,2018-11-28,180.3916
USD,2018-11-27,180.1114
USD,2018-11-26,179.4631
USD,2018-11-23,178.3986
USD,2018-11-21,177.1682
USD,2018-11-19,176.5966
USD,2018-11-16,176.4816
USD,2018-11-15,176.2254
USD,2018-11-14,176.0527
USD,2018-11-13,175.5942
USD,2018-11-12,175.2614
USD,2018-11-09,175.1377
USD,2018-11-08,174.8183
USD,2018-11-07,174.5314
USD,2018-11-05,174.3420
USD,2018-11-02,174.4937
USD,2018-11-01,175.3557
USD,2018-10-31,174.3762
USD,2018-10-30,173.9718
USD,2018-10-29,172.9639
USD,2018-10-26,172.8276
USD,2018-10-25,172.7322
USD,2018-10-23,172.1625
USD,2018-10-22,171.6692
USD,2018-10-19,171.2367
USD,2018-10-18,170.9331
USD,2018-10-17,170.9227
USD,2018-10-16,170.3548
USD,2018-10-15,170.9078
USD,2018-10-12,171.3456
USD,2018-10-11,171.3034
USD,2018-10-10,170.9457
USD,2018-10-09,170.6859
USD,2018-10-08,170.2896
USD,2018-10-05,170.0072
USD,2018-10-04,169.5961
USD,2018-10-03,169.2425
USD,2018-10-02,169.1966
USD,2018-10-01,169.2762
USD,2018-09-28,169.2383
USD,2018-09-27,168.8687
USD,2018-09-26,168.8030
USD,2018-09-25,168.6420
USD,2018-09-21,168.0316
USD,2018-09-20,166.4663
USD,2018-09-19,165.6326
USD,2018-09-18,164.4062
USD,2018-09-17,163.1284
USD,2018-09-14,162.8050
USD,2018-09-13,162.5011
USD,2018-09-12,162.2853
USD,2018-09-11,162.3613
USD,2018-09-10,161.7706
USD,2018-09-07,161.9807
USD,2018-09-06,162.0424
USD,2018-09-05,161.8671
USD,2018-09-04,161.5684
USD,2018-09-03,161.4909
USD,2018-08-31,161.4730
USD,2018-08-30,161.3587
USD,2018-08-29,161.2647
USD,2018-08-28,161.0916
USD,2018-08-27,160.8731
USD,2018-08-24,160.8000
USD,2018-08-23,160.6166
USD,2018-08-21,160.5960
USD,2018-08-20,160.4660
USD,2018-08-17,160.4394
USD,2018-08-16,160.1768
USD,2018-08-15,160.1096
USD,2018-08-14,160.0946
USD,2018-08-13,160.0429
USD,2018-08-10,160.0374
USD,2018-08-09,159.8744
USD,2018-08-08,159.8027
USD,2018-08-07,159.8590
USD,2018-08-06,159.8111
USD,2018-08-03,159.6628
USD,2018-08-02,159.5855
USD,2018-08-01,159.7491
USD,2018-07-31,159.7087
USD,2018-07-30,159.6120
USD,2018-07-26,159.5434
USD,2018-07-25,159.4795
USD,2018-07-24,159.5204
USD,2018-07-23,160.0312
USD,2018-07-20,159.9869
USD,2018-07-19,160.0100
USD,2018-07-18,159.8951
USD,2018-07-17,159.8200
USD,2018-07-16,159.4635
USD,2018-07-13,159.3721
USD,2018-07-12,159.3652
USD,2018-07-11,159.3281
USD,2018-07-10,159.2333
USD,2018-07-09,159.0784
USD,2018-07-06,158.8105
USD,2018-07-05,158.5859
USD,2018-07-04,158.4355
USD,2018-07-03,158.4435
USD,2018-07-02,158.3634
USD,2018-06-29,158.2569
USD,2018-06-28,158.6676
USD,2018-06-26,158.6426
USD,2018-06-25,158.9913
USD,2018-06-22,159.6106
USD,2018-06-21,160.0279
USD,2018-06-20,159.8939
USD,2018-06-19,159.8239
USD,2018-06-18,159.8809
USD,2018-06-14,159.6003
USD,2018-06-13,159.6587
USD,2018-06-12,159.1135
USD,2018-06-11,158.9143
USD,2018-06-08,158.8323
USD,2018-06-07,158.6360
USD,2018-06-06,158.5708
USD,2018-06-05,158.5126
USD,2018-06-04,158.5905
USD,2018-06-01,158.1255
USD,2018-05-31,158.0900
USD,2018-05-30,157.9986
USD,2018-05-28,158.0433
USD,2018-05-25,158.0561
USD,2018-05-24,157.9682
USD,2018-05-23,157.8943
USD,2018-05-22,157.8376
USD,2018-05-21,157.8118
USD,2018-05-18,158.0664
USD,2018-05-17,158.5077
USD,2018-05-16,158.0362
USD,2018-05-15,157.9215
USD,2018-05-14,157.8822
USD,2018-05-11,157.8791
USD,2018-05-10,157.7914
USD,2018-05-09,157.5276
USD,2018-05-08,157.7261
USD,2018-05-04,157.8326
USD,2018-05-03,157.7781
USD,2018-05-02,157.7642
USD,2018-05-01,157.4737
USD,2018-04-27,157.6459
USD,2018-04-26,157.4628
USD,2018-04-25,157.1356
USD,2018-04-24,156.7727
USD,2018-04-23,156.3441
USD,2018-04-20,156.2545
USD,2018-04-19,156.4220
USD,2018-04-18,156.3307
USD,2018-04-17,155.9267
USD,2018-04-16,155.7456
USD,2018-04-12,155.7097
USD,2018-04-11,155.5679
USD,2018-04-10,155.5146
USD,2018-04-09,155.5327
USD,2018-04-06,155.5234
USD,2018-04-05,156.0464
USD,2018-04-04,155.4869
USD,2018-04-03,155.3218
USD,2018-04-02,155.8286
USD,2018-03-29,155.9725
USD,2018-03-28,156.0632
USD,2018-03-27,156.1261
USD,2018-03-26,156.1428
USD,2018-03-23,156.0539
USD,2018-03-22,155.9482
USD,2018-03-21,156.1578
USD,2018-03-20,156.1535
USD,2018-03-19,156.0808
USD,2018-03-16,155.9768
USD,2018-03-15,155.8155
USD,2018-03-14,155.7566
USD,2018-03-13,155.6067
USD,2018-03-12,155.4780
USD,2018-03-09,155.5392
USD,2018-03-08,155.2665
USD,2018-03-07,155.0849
USD,2018-03-06,155.1488
USD,2018-03-05,155.2269
USD,2018-03-02,154.9780
USD,2018-02-28,154.8718
USD,2018-02-27,155.0075
USD,2018-02-26,155.2474
USD,2018-02-23,155.2255
USD,2018-02-22,155.3944
USD,2018-02-21,155.3787
USD,2018-02-20,155.2901
USD,2018-02-19,155.0773
USD,2018-02-16,155.3239
USD,2018-02-15,155.5955
USD,2018-02-14,154.7384
USD,2018-02-12,154.3075
USD,2018-02-09,154.4876
USD,2018-02-08,154.5862
USD,2018-02-07,154.5527
USD,2018-02-06,154.2579
USD,2018-02-02,154.1543
USD,2018-02-01,153.9449
USD,2018-01-30,153.7682
USD,2018-01-29,153.7329
USD,2018-01-26,153.7388
USD,2018-01-25,153.9389
USD,2018-01-24,154.0688
USD,2018-01-23,154.0135
USD,2018-01-22,153.9447
USD,2018-01-19,153.8803
USD,2018-01-18,153.8569
USD,2018-01-17,153.9215
USD,2018-01-16,153.9100
USD,2018-01-12,153.7810
USD,2018-01-11,153.7661
USD,2018-01-10,153.8203
USD,2018-01-09,153.8052
USD,2018-01-08,153.5567
USD,2018-01-05,153.6506
USD,2018-01-04,153.7699
USD,2018-01-03,153.6377
USD,2018-01-02,153.4697
USD,2017-12-29,152.8548
USD,2017-12-28,152.6243
USD,2017-12-27,152.7775
USD,2017-12-26,152.9420
USD,2017-12-22,152.9524
USD,2017-12-21,153.0594
USD,2017-12-20,153.1487
USD,2017-12-19,153.1593
USD,2017-12-18,153.2297
USD,2017-12-15,153.3441
USD,2017-12-14,153.1463
USD,2017-12-13,153.0136
USD,2017-12-12,153.0573
USD,2017-12-11,153.1700
USD,2017-12-08,153.3593
USD,2017-12-07,153.3314
USD,2017-12-06,153.3869
USD,2017-12-05,153.6153
USD,2017-12-04,153.6882
USD,2017-11-30,153.7652
USD,2017-11-29,153.7396
USD,2017-11-28,153.6152
USD,2017-11-27,153.7513
USD,2017-11-24,153.6767
USD,2017-11-23,153.7760
USD,2017-11-22,153.8167
USD,2017-11-21,153.7552
USD,2017-11-20,153.6468
USD,2017-11-17,153.7920
USD,2017-11-16,153.7806
USD,2017-11-15,153.6061
USD,2017-11-14,153.6184
USD,2017-11-13,153.6339
USD,2017-11-10,153.5123
USD,2017-11-09,153.3588
USD,2017-11-08,153.4353
USD,2017-11-07,153.6279
USD,2017-11-06,153.6598
USD,2017-11-02,153.6980
USD,2017-11-01,153.5915
USD,2017-10-31,153.5903
USD,2017-10-30,153.5628
USD,2017-10-27,153.8000
USD,2017-10-26,153.8586
USD,2017-10-25,153.7845
USD,2017-10-24,153.7473
USD,2017-10-23,153.6467
USD,2017-10-20,153.6976
USD,2017-10-19,153.6190
USD,2017-10-17,153.6527
USD,2017-10-16,153.7464
USD,2017-10-13,153.6258
USD,2017-10-12,153.4650
USD,2017-10-11,153.3903
USD,2017-10-10,153.2885
USD,2017-10-09,153.2603
USD,2017-10-06,153.3286
USD,2017-10-04,153.2121
USD,2017-10-03,153.1394
USD,2017-10-02,153.1072
USD,2017-09-29,153.0983
USD,2017-09-28,153.1024
USD,2017-09-27,153.0245
USD,2017-09-26,152.9434
USD,2017-09-25,152.8067
USD,2017-09-22,152.8252
USD,2017-09-21,153.0503
USD,2017-09-20,153.1959
USD,2017-09-19,152.9692
USD,2017-09-18,152.9684
USD,2017-09-15,153.1269
USD,2017-09-14,152.9124
USD,2017-09-13,152.8371
USD,2017-09-12,152.8490
USD,2017-09-11,152.8017
USD,2017-09-08,152.7098
USD,2017-09-07,152.5607
USD,2017-09-06,152.5028
USD,2017-09-04,152.7656
USD,2017-08-31,152.8350
USD,2017-08-30,152.7582
USD,2017-08-29,152.9208
USD,2017-08-28,152.9633
USD,2017-08-25,152.9440
USD,2017-08-24,152.9127
USD,2017-08-23,153.1500
USD,2017-08-22,153.3000
USD,2017-08-21,153.3472
USD,2017-08-18,153.3150
USD,2017-08-17,153.2016
USD,2017-08-16,153.2080
USD,2017-08-15,153.1200
USD,2017-08-14,153.0729
USD,2017-08-11,153.1871
USD,2017-08-10,153.2262
USD,2017-08-09,153.3260
USD,2017-08-08,153.3579
USD,2017-08-04,153.4948
USD,2017-08-03,153.4864
USD,2017-08-02,153.5068
USD,2017-08-01,153.6111
USD,2017-07-31,153.7278
USD,2017-07-28,153.7357
USD,2017-07-27,153.5738
USD,2017-07-26,153.5212
USD,2017-07-25,153.5810
USD,2017-07-24,153.7052
USD,2017-07-21,153.6808
USD,2017-07-20,153.7510
USD,2017-07-19,153.7072
USD,2017-07-18,153.7026
USD,2017-07-17,153.7303
USD,2017-07-14,153.7125
USD,2017-07-13,153.7047
USD,2017-07-12,153.6652
USD,2017-07-11,153.7217
USD,2017-07-10,153.6625
USD,2017-07-07,153.7096
USD,2017-07-06,153.7243
USD,2017-07-05,153.6163
USD,2017-07-04,153.5427
USD,2017-07-03,153.5100
USD,2017-06-30,153.5100
USD,2017-06-29,153.3130
USD,2017-06-28,153.2668
USD,2017-06-27,153.2334
USD,2017-06-23,153.3453
USD,2017-06-22,153.3313
USD,2017-06-21,153.2658
USD,2017-06-20,153.0236
USD,2017-06-19,152.8500
USD,2017-06-16,152.5000
USD,2017-06-15,152.5000
USD,2017-06-14,152.5000
USD,2017-06-13,152.5000
USD,2017-06-12,152.5000
USD,2017-06-09,152.5000
USD,2017-06-07,152.4786
USD,2017-06-06,152.4966
USD,2017-06-05,152.5000
USD,2017-06-02,152.5000
USD,2017-06-01,152.5000
USD,2017-05-31,152.5000
USD,2017-05-30,152.5000
USD,2017-05-29,152.5000
USD,2017-05-26,152.5000
USD,2017-05-25,152.5000
USD,2017-05-24,152.5000
USD,2017-05-23,152.5000
USD,2017-05-22,152.5000
USD,2017-05-19,152.5000
USD,2017-05-18,152.3295
USD,2017-05-17,152.3667
USD,2017-05-16,152.3000
USD,2017-05-15,152.3769
USD,2017-05-12,152.3000
USD,2017-05-09,152.3154
USD,2017-05-08,152.3154
USD,2017-05-05,152.0455
USD,2017-05-04,152.0391
USD,2017-05-03,151.9000
USD,2017-05-02,151.9000
USD,2017-04-28,151.9000
USD,2017-04-27,151.9000
USD,2017-04-26,151.9000
USD,2017-04-25,151.8985
USD,2017-04-24,151.9000
USD,2017-04-21,151.9000
USD,2017-04-20,151.9000
USD,2017-04-19,151.9000
USD,2017-04-18,151.9000
USD,2017-04-17,151.6000
USD,2017-04-12,151.6133
USD,2017-04-11,151.6000
USD,2017-04-07,151.6000
USD,2017-04-06,151.6000
USD,2017-04-05,151.6000
USD,2017-04-04,151.6000
USD,2017-04-03,151.6000
USD,2017-03-31,151.7354
USD,2017-03-30,151.7000
USD,2017-03-29,151.6943
USD,2017-03-28,151.6943
USD,2017-03-27,151.6000
USD,2017-03-24,151.6000
USD,2017-03-23,151.6000
USD,2017-03-22,151.6083
USD,2017-03-21,151.3939
USD,2017-03-20,151.3138
USD,2017-03-17,151.3080
USD,2017-03-16,151.3469
USD,2017-03-15,151.3500
USD,2017-03-14,151.3494
USD,2017-03-13,151.3500
USD,2017-03-10,151.3500
USD,2017-03-09,151.3500
USD,2017-03-08,151.2534
USD,2017-03-07,151.2371
USD,2017-03-06,151.2500
USD,2017-03-03,151.2500
USD,2017-03-02,151.2476
USD,2017-03-01,151.2500
USD,2017-02-28,151.2500
USD,2017-02-27,151.2500
USD,2017-02-23,151.2350
USD,2017-02-22,151.2426
USD,2017-02-21,151.1245
USD,2017-02-20,150.8214
USD,2017-02-17,150.7482
USD,2017-02-16,150.7416
USD,2017-02-15,150.7456
USD,2017-02-14,150.7306
USD,2017-02-13,150.7474
USD,2017-02-09,150.7500
USD,2017-02-08,150.7500
USD,2017-02-07,150.7500
USD,2017-02-06,150.5000
USD,2017-02-03,150.5000
USD,2017-02-02,150.5000
USD,2017-02-01,150.3246
USD,2017-01-31,150.2429
USD,2017-01-30,150.2500
USD,2017-01-27,150.2500
USD,2017-01-26,150.2494
USD,2017-01-25,150.1500
USD,2017-01-24,150.1478
USD,2017-01-23,150.1500
USD,2017-01-20,150.1424
USD,2017-01-19,150.1500
USD,2017-01-18,150.1363
USD,2017-01-17,150.1222
USD,2017-01-16,150.0402
USD,2017-01-13,150.0000
USD,2017-01-11,149.9828
USD,2017-01-10,150.0000
USD,2017-01-09,149.9983
USD,2017-01-06,150.0000
USD,2017-01-05,149.9992
USD,2017-01-04,150.0000
USD,2017-01-03,150.0000
USD,2017-01-02,149.9747
USD,2016-12-30,149.8000
USD,2016-12-29,149.7975
USD,2016-12-28,149.5000
USD,2016-12-27,149.4231
USD,2016-12-23,149.2950
USD,2016-12-22,149.2950
USD,2016-12-21,149.0425
USD,2016-12-20,149.0800
USD,2016-12-19,149.0933
USD,2016-12-16,149.0950
USD,2016-12-15,148.6874
USD,2016-12-14,148.6874
USD,2016-12-09,148.6929
USD,2016-12-08,148.6548
USD,2016-12-07,148.3000
USD,2016-12-06,148.3000
USD,2016-12-05,148.1000
USD,2016-12-02,147.9640
USD,2016-12-01,147.9500
USD,2016-11-30,147.9500
USD,2016-11-29,147.9500
USD,2016-11-28,147.9500
USD,2016-11-25,147.9481
USD,2016-11-24,147.9481
USD,2016-11-23,147.9500
USD,2016-11-22,147.9500
USD,2016-11-21,147.9500
USD,2016-11-18,147.7470
USD,2016-11-17,147.7460
USD,2016-11-16,147.7475
USD,2016-11-15,147.7500
USD,2016-11-11,147.7500
USD,2016-11-10,147.7471
USD,2016-11-09,147.7471
USD,2016-11-08,147.7085
USD,2016-11-07,147.7283
USD,2016-11-04,147.7300
USD,2016-11-03,147.4000
USD,2016-11-02,147.3963
USD,2016-11-01,147.3963
USD,2016-10-31,147.1136
USD,2016-10-28,146.9667
USD,2016-10-27,146.9000
USD,2016-10-26,146.9000
USD,2016-10-25,146.9000
USD,2016-10-24,146.9000
USD,2016-10-21,146.9000
USD,2016-10-20,146.9000
USD,2016-10-19,146.9000
USD,2016-10-18,146.8778
USD,2016-10-17,146.8976
USD,2016-10-14,146.9000
USD,2016-10-13,146.9000
USD,2016-10-12,146.9000
USD,2016-10-11,146.8500
USD,2016-10-10,146.8469
USD,2016-10-07,146.7414
USD,2016-10-06,146.7530
USD,2016-10-05,146.6698
USD,2016-10-04,146.7257
USD,2016-10-03,146.8753
USD,2016-09-30,146.7229
USD,2016-09-29,146.4824
USD,2016-09-28,146.3385
USD,2016-09-27,146.3273
USD,2016-09-26,146.2704
USD,2016-09-23,145.9000
USD,2016-09-22,146.0220
USD,2016-09-21,145.7706
USD,2016-09-20,145.7500
USD,2016-09-19,145.8126
USD,2016-09-15,145.5983
USD,2016-09-14,145.2978
USD,2016-09-13,145.1558
USD,2016-09-09,145.4214
USD,2016-09-08,145.4333
USD,2016-09-07,145.4175
USD,2016-09-06,145.4175
USD,2016-09-05,145.4911
USD,2016-09-02,145.5118
USD,2016-09-01,145.5564
USD,2016-08-31,145.6200
USD,2016-08-30,145.6286
USD,2016-08-29,145.6000
USD,2016-08-26,145.8525
USD,2016-08-25,145.5111
USD,2016-08-24,145.5000
USD,2016-08-23,145.5000
USD,2016-08-22,145.5000
USD,2016-08-19,145.5000
USD,2016-08-18,145.5000
USD,2016-08-16,145.5000
USD,2016-08-15,145.5000
USD,2016-08-12,145.5000
USD,2016-08-11,145.6000
USD,2016-08-10,145.6000
USD,2016-08-09,145.6000
USD,2016-08-08,145.6000
USD,2016-08-05,145.6167
USD,2016-08-04,145.7471
USD,2016-08-03,145.7450
USD,2016-08-02,145.7500
USD,2016-08-01,145.7500
USD,2016-07-29,145.7466
USD,2016-07-28,145.7466
USD,2016-07-27,145.7500
USD,2016-07-26,145.7500
USD,2016-07-25,145.7500
USD,2016-07-22,145.7500
USD,2016-07-21,145.2500
USD,2016-07-20,145.2500
USD,2016-07-18,145.2500
USD,2016-07-15,145.2500
USD,2016-07-14,145.2500
USD,2016-07-13,145.2477
USD,2016-07-12,145.2500
USD,2016-07-11,145.2500
USD,2016-07-08,145.2500
USD,2016-07-07,145.2460
USD,2016-07-05,145.2460
USD,2016-07-04,145.2500
USD,2016-07-01,145.2500
USD,2016-06-30,145.2500
USD,2016-06-29,145.2500
USD,2016-06-28,145.2500
USD,2016-06-27,145.2500
USD,2016-06-24,145.2500
USD,2016-06-23,145.2500
USD,2016-06-22,145.1935
USD,2016-06-21,144.5385
USD,2016-06-20,144.5000
USD,2016-06-17,144.5893
USD,2016-06-16,144.7500
USD,2016-06-15,144.7250
USD,2016-06-14,144.7474
USD,2016-06-13,145.0131
USD,2016-06-10,145.5480
USD,2016-06-09,145.7458
USD,2016-06-08,145.7500
USD,2016-06-07,145.9000
USD,2016-06-06,145.9250
USD,2016-06-03,145.9500
USD,2016-06-02,145.9080
USD,2016-06-01,145.9550
USD,2016-05-31,145.7500
USD,2016-05-30,145.7500
USD,2016-05-27,145.7500
USD,2016-05-26,145.7500
USD,2016-05-25,145.7500
USD,2016-05-24,145.7500
USD,2016-05-20,145.7500
USD,2016-05-19,145.7500
USD,2016-05-18,145.7250
USD,2016-05-17,145.7400
USD,2016-05-16,145.7400
USD,2016-05-13,145.7500
USD,2016-05-12,145.7500
USD,2016-05-11,145.7327
USD,2016-05-10,145.7150
USD,2016-05-09,145.7617
USD,2016-05-06,145.7300
USD,2016-05-05,145.7300
USD,2016-05-04,145.7300
USD,2016-05-03,143.9000
USD,2016-04-29,143.9000
USD,2016-04-28,143.9000
USD,2016-04-27,143.9000
USD,2016-04-26,143.9000
USD,2016-04-25,143.9024
USD,2016-04-22,143.9000
USD,2016-04-20,143.9000
USD,2016-04-19,143.9000
USD,2016-04-18,143.9000
USD,2016-04-15,143.9000
USD,2016-04-12,143.9000
USD,2016-04-11,143.9000
USD,2016-04-08,143.9000
USD,2016-04-07,143.9000
USD,2016-04-06,143.9000
USD,2016-04-05,143.9000
USD,2016-04-04,143.9000
USD,2016-04-01,143.9000
USD,2016-03-31,143.9000
USD,2016-03-30,143.8900
USD,2016-03-29,143.9000
USD,2016-03-28,143.8950
USD,2016-03-24,143.9035
USD,2016-03-23,143.9300
USD,2016-03-21,143.9000
USD,2016-03-18,143.9000
USD,2016-03-17,143.9000
USD,2016-03-16,143.8980
USD,2016-03-15,143.9000
USD,2016-03-14,143.9000
USD,2016-03-11,144.3571
USD,2016-03-10,144.0067
USD,2016-03-09,143.9089
USD,2016-03-08,143.9000
USD,2016-03-04,144.1154
USD,2016-03-03,144.2556
USD,2016-03-02,143.9108
USD,2016-03-01,143.9165
USD,2016-02-29,144.3540
USD,2016-02-26,143.9000
USD,2016-02-25,143.8830
USD,2016-02-24,143.8943
USD,2016-02-23,143.9192
USD,2016-02-19,143.9300
USD,2016-02-18,143.9000
USD,2016-02-17,143.9004
USD,2016-02-16,143.9207
USD,2016-02-15,143.8989
USD,2016-02-12,143.8970
USD,2016-02-11,143.9000
USD,2016-02-10,143.9000
USD,2016-02-09,143.9091
USD,2016-02-08,143.9046
USD,2016-02-05,143.9296
USD,2016-02-03,143.9000
USD,2016-02-02,143.9071
USD,2016-02-01,143.9000
USD,2016-01-29,143.9208
USD,2016-01-28,143.8972
USD,2016-01-27,143.8900
USD,2016-01-26,143.9089
USD,2016-01-25,143.9000
USD,2016-01-22,143.9000
USD,2016-01-21,143.8858
USD,2016-01-20,143.9169
USD,2016-01-19,143.9308
USD,2016-01-18,143.8161
USD,2016-01-14,143.8047
USD,2016-01-13,143.7450
USD,2016-01-12,143.7993
USD,2016-01-11,143.8175
USD,2016-01-08,143.9415
USD,2016-01-07,144.0106
USD,2016-01-06,144.2318
USD,2016-01-05,144.1833
USD,2016-01-04,144.2333
USD,2016-01-01,144.0716
USD,2015-12-31,144.0623
USD,2015-12-30,143.8484
USD,2015-12-29,143.6861
USD,2015-12-28,143.6286
USD,2015-12-23,143.5859
USD,2015-12-22,143.5415
USD,2015-12-21,143.5406
USD,2015-12-18,143.5606
USD,2015-12-17,143.5647
USD,2015-12-16,143.4583
USD,2015-12-15,143.4938
USD,2015-12-14,143.2760
USD,2015-12-11,143.2196
USD,2015-12-10,143.1780
USD,2015-12-09,143.2214
USD,2015-12-08,143.2426
USD,2015-12-07,143.2529
USD,2015-12-04,143.2498
USD,2015-12-03,143.2318
USD,2015-12-02,143.2327
USD,2015-12-01,143.2390
USD,2015-11-30,143.2074
USD,2015-11-27,143.0667
USD,2015-11-26,142.8892
USD,2015-11-24,142.6267
USD,2015-11-23,142.4662
USD,2015-11-20,142.3063
USD,2015-11-19,142.2797
USD,2015-11-18,142.2944
USD,2015-11-17,142.1384
USD,2015-11-16,142.0599
USD,2015-11-13,141.9633
USD,2015-11-12,141.9290
USD,2015-11-11,141.9010
USD,2015-11-09,141.5214
USD,2015-11-06,141.5620
USD,2015-11-05,141.2663
USD,2015-11-04,141.0487
USD,2015-11-03,140.9771
USD,2015-11-02,140.9668
USD,2015-10-30,140.8543
USD,2015-10-29,140.8772
USD,2015-10-28,141.1087
USD,2015-10-26,141.0489
USD,2015-10-23,141.0638
USD,2015-10-22,141.0126
USD,2015-10-21,140.9901
USD,2015-10-20,140.9672
USD,2015-10-19,140.9554
USD,2015-10-16,140.9312
USD,2015-10-15,140.6841
USD,2015-10-14,140.4809
USD,2015-10-13,140.3209
USD,2015-10-12,140.3380
USD,2015-10-09,140.5457
USD,2015-10-08,140.5995
USD,2015-10-07,141.0307
USD,2015-10-06,141.2243
USD,2015-10-05,141.2601
USD,2015-10-02,141.2575
USD,2015-10-01,141.2334
USD,2015-09-30,141.2335
USD,2015-09-29,141.2438
USD,2015-09-28,140.9568
USD,2015-09-25,140.9578
USD,2015-09-23,140.9510
USD,2015-09-22,140.8342
USD,2015-09-21,140.5167
USD,2015-09-18,140.7891
USD,2015-09-17,140.6358
USD,2015-09-16,139.9898
USD,2015-09-15,139.7679
USD,2015-09-14,139.0345
USD,2015-09-11,138.9360
USD,2015-09-10,138.7796
USD,2015-09-09,138.1655
USD,2015-09-08,137.4985
USD,2015-09-07,137.8750
USD,2015-09-04,134.7500
USD,2015-09-03,134.5000
USD,2015-09-02,134.5000
USD,2015-09-01,134.5000
USD,2015-08-31,134.3000
USD,2015-08-28,134.1500
USD,2015-08-27,134.1500
USD,2015-08-26,134.2496
USD,2015-08-25,134.1000
USD,2015-08-24,134.0000
USD,2015-08-21,133.9000
USD,2015-08-20,133.8967
USD,2015-08-19,134.0000
USD,2015-08-18,134.0000
USD,2015-08-17,133.9000
USD,2015-08-14,133.9000
USD,2015-08-13,133.8000
USD,2015-08-12,133.7500
USD,2015-08-11,133.7500
USD,2015-08-10,133.7500
USD,2015-08-07,133.7500
USD,2015-08-06,133.4927
USD,2015-08-05,133.4993
USD,2015-08-04,133.5000
USD,2015-08-03,133.6000
USD,2015-07-30,133.6000
USD,2015-07-29,133.6000
USD,2015-07-28,133.7000
USD,2015-07-27,133.6976
USD,2015-07-24,133.6971
USD,2015-07-23,133.6988
USD,2015-07-22,133.7000
USD,2015-07-21,133.8000
USD,2015-07-20,133.7994
USD,2015-07-17,133.8000
USD,2015-07-16,133.7992
USD,2015-07-15,133.8000
USD,2015-07-14,133.8000
USD,2015-07-13,133.6000
USD,2015-07-10,133.6000
USD,2015-07-09,133.6000
USD,2015-07-08,133.6000
USD,2015-07-07,133.6000
USD,2015-07-06,133.6000
USD,2015-07-03,133.6000
USD,2015-07-02,133.7000
USD,2015-06-30,133.7000
USD,2015-06-29,133.7000
USD,2015-06-26,133.7126
USD,2015-06-25,133.8000
USD,2015-06-24,133.9000
USD,2015-06-23,133.9000
USD,2015-06-22,134.1000
USD,2015-06-19,134.2000
USD,2015-06-18,133.9986
USD,2015-06-17,133.9995
USD,2015-06-16,133.9987
USD,2015-06-15,134.0000
USD,2015-06-12,133.7973
USD,2015-06-11,133.7985
USD,2015-06-10,133.8000
USD,2015-06-09,133.8979
USD,2015-06-08,133.8966
USD,2015-06-05,133.9000
USD,2015-06-04,133.9000
USD,2015-06-03,133.9000
USD,2015-06-01,133.9000
USD,2015-05-29,133.9000
USD,2015-05-28,133.9000
USD,2015-05-27,133.9000
USD,2015-05-26,133.7000
USD,2015-05-25,133.7000
USD,2015-05-22,133.7000
USD,2015-05-21,133.7000
USD,2015-05-20,133.4994
USD,2015-05-19,133.3000
USD,2015-05-18,133.3125
USD,2015-05-15,133.4000
USD,2015-05-14,133.4000
USD,2015-05-13,133.5000
USD,2015-05-12,133.4412
USD,2015-05-11,133.3000
USD,2015-05-08,133.3000
USD,2015-05-07,133.3000
USD,2015-05-06,133.1000
USD,2015-05-05,133.0714
USD,2015-04-30,132.9000
USD,2015-04-29,132.9000
USD,2015-04-28,132.8970
USD,2015-04-27,132.9000
USD,2015-04-24,132.8994
USD,2015-04-23,132.8983
USD,2015-04-22,132.8981
USD,2015-04-21,132.8964
USD,2015-04-20,132.9000
USD,2015-04-17,132.9000
USD,2015-04-16,132.9000
USD,2015-04-15,132.8983
USD,2015-04-10,132.9000
USD,2015-04-09,132.9000
USD,2015-04-08,132.9000
USD,2015-04-07,132.9000
USD,2015-04-06,132.8984
USD,2015-04-02,132.9000
USD,2015-04-01,132.9000
USD,2015-03-31,132.9000
USD,2015-03-30,132.8794
USD,2015-03-27,132.9000
USD,2015-03-26,132.9000
USD,2015-03-25,132.9000
USD,2015-03-24,132.9000
USD,2015-03-23,132.9000
USD,2015-03-20,132.9000
USD,2015-03-19,132.9000
USD,2015-03-18,132.9000
USD,2015-03-17,132.9000
USD,2015-03-16,132.9000
USD,2015-03-13,132.9000
USD,2015-03-12,132.9000
USD,2015-03-11,132.9000
USD,2015-03-10,132.9000
USD,2015-03-09,132.9000
USD,2015-03-06,132.9000
USD,2015-03-04,132.8986
USD,2015-03-03,132.9000
USD,2015-03-02,132.9000
USD,2015-02-27,132.9000
USD,2015-02-26,132.9000
USD,2015-02-25,132.8991
USD,2015-02-24,132.9000
USD,2015-02-23,132.9000
USD,2015-02-20,132.9000
USD,2015-02-19,132.8000
USD,2015-02-18,132.8000
USD,2015-02-16,132.8000
USD,2015-02-13,132.8000
USD,2015-02-12,132.8000
USD,2015-02-11,132.7987
USD,2015-02-10,132.8000
USD,2015-02-09,132.8000
USD,2015-02-06,132.2000
USD,2015-02-05,132.2000
USD,2015-02-02,132.2000
USD,2015-01-30,132.2000
USD,2015-01-29,132.1940
USD,2015-01-28,132.0975
USD,2015-01-27,132.0817
USD,2015-01-26,132.0000
USD,2015-01-23,131.8500
USD,2015-01-22,131.9000
USD,2015-01-21,131.7433
USD,2015-01-20,131.7054
USD,2015-01-19,131.5000
USD,2015-01-16,131.0889
USD,2015-01-13,131.2200
USD,2015-01-12,131.2450
USD,2015-01-09,131.2500
USD,2015-01-08,131.2500
USD,2015-01-07,131.0150
USD,2015-01-06,131.0200
USD,2015-01-02,131.0125
USD,2015-01-01,131.0910
USD,2014-12-31,131.0486
USD,2014-12-30,131.0778
USD,2014-12-29,131.0689
USD,2014-12-26,131.0050
USD,2014-12-24,130.9978
USD,2014-12-23,131.0004
USD,2014-12-22,131.0348
USD,2014-12-19,131.0128
USD,2014-12-18,131.0158
USD,2014-12-17,131.0434
USD,2014-12-16,130.9917
USD,2014-12-15,131.0000
USD,2014-12-12,131.0225
USD,2014-12-11,131.0071
USD,2014-12-10,131.0100
USD,2014-12-09,131.0000
USD,2014-12-08,131.0200
USD,2014-12-05,131.0182
USD,2014-12-04,131.0000
USD,2014-12-03,131.0000
USD,2014-12-02,131.0500
USD,2014-12-01,131.0500
USD,2014-11-28,131.0082
USD,2014-11-27,131.0136
USD,2014-11-26,131.0000
USD,2014-11-25,130.9967
USD,2014-11-24,131.0000
USD,2014-11-21,131.0000
USD,2014-11-20,131.0000
USD,2014-11-19,130.9902
USD,2014-11-18,130.9861
USD,2014-11-17,130.9500
USD,2014-11-14,130.9500
USD,2014-11-13,130.8925
USD,2014-11-12,130.9000
USD,2014-11-11,130.8740
USD,2014-11-10,130.8656
USD,2014-11-07,130.8500
USD,2014-11-05,130.8500
USD,2014-11-04,130.8500
USD,2014-11-03,130.8367
USD,2014-10-31,130.8436
USD,2014-10-30,130.8500
USD,2014-10-29,130.8155
USD,2014-10-28,130.8300
USD,2014-10-27,130.8175
USD,2014-10-24,130.7667
USD,2014-10-23,130.7500
USD,2014-10-21,130.6348
USD,2014-10-20,130.6000
USD,2014-10-17,130.6000
USD,2014-10-16,130.5659
USD,2014-10-15,130.5500
USD,2014-10-14,130.5500
USD,2014-10-13,130.3815
USD,2014-10-10,130.3461
USD,2014-10-09,130.3127
USD,2014-10-07,130.3529
USD,2014-10-03,130.4946
USD,2014-10-02,130.4982
USD,2014-10-01,130.4300
USD,2014-09-30,130.3707
USD,2014-09-29,130.3500
USD,2014-09-26,130.3071
USD,2014-09-25,130.3067
USD,2014-09-24,130.2855
USD,2014-09-23,130.2712
USD,2014-09-22,130.2800
USD,2014-09-19,130.2750
USD,2014-09-18,130.2813
USD,2014-09-17,130.2759
USD,2014-09-16,130.2800
USD,2014-09-15,130.2800
USD,2014-09-12,130.2717
USD,2014-09-11,130.2300
USD,2014-09-10,130.2027
USD,2014-09-09,130.2000
USD,2014-09-05,130.1987
USD,2014-09-04,130.2037
USD,2014-09-03,130.2050
USD,2014-09-02,130.1913
USD,2014-09-01,130.2045
USD,2014-08-29,130.1962
USD,2014-08-28,130.1880
USD,2014-08-27,130.1840
USD,2014-08-26,130.1934
USD,2014-08-25,130.1763
USD,2014-08-22,130.2014
USD,2014-08-21,130.2078
USD,2014-08-20,130.1300
USD,2014-08-19,130.1518
USD,2014-08-18,130.1609
USD,2014-08-15,130.1646
USD,2014-08-14,130.2306
USD,2014-08-13,130.1900
USD,2014-08-12,130.1600
USD,2014-08-11,130.1711
USD,2014-08-08,130.1862
USD,2014-08-07,130.1933
USD,2014-08-06,130.2104
USD,2014-08-05,130.2255
USD,2014-08-04,130.2303
USD,2014-08-01,130.2067
USD,2014-07-31,130.2102
USD,2014-07-30,130.2086
USD,2014-07-28,130.2270
USD,2014-07-25,130.2297
USD,2014-07-24,130.2598
USD,2014-07-23,130.2659
USD,2014-07-22,130.2870
USD,2014-07-21,130.2500
USD,2014-07-18,130.2000
USD,2014-07-17,130.1865
USD,2014-07-16,130.1800
USD,2014-07-15,130.1974
USD,2014-07-14,130.2000
USD,2014-07-11,130.2233
USD,2014-07-10,130.2207
USD,2014-07-09,130.2504
USD,2014-07-08,130.2561
USD,2014-07-07,130.2573
USD,2014-07-04,130.2691
USD,2014-07-03,130.2807
USD,2014-07-02,130.3010
USD,2014-07-01,130.3256
USD,2014-06-30,130.3018
USD,2014-06-27,130.3359
USD,2014-06-26,130.3144
USD,2014-06-25,130.2904
USD,2014-06-24,130.2741
USD,2014-06-23,130.2927
USD,2014-06-20,130.2652
USD,2014-06-19,130.2381
USD,2014-06-18,130.2298
USD,2014-06-17,130.2355
USD,2014-06-16,130.2476
USD,2014-06-13,130.2530
USD,2014-06-11,130.2600
USD,2014-06-10,130.2603
USD,2014-06-09,130.2566
USD,2014-06-06,130.2841
USD,2014-06-05,130.3164
USD,2014-06-04,130.3518
USD,2014-06-03,130.3526
USD,2014-06-02,130.3863
USD,2014-05-30,130.4631
USD,2014-05-29,130.4359
USD,2014-05-28,130.3865
USD,2014-05-27,130.4152
USD,2014-05-26,130.3717
USD,2014-05-23,130.3525
USD,2014-05-22,130.3732
USD,2014-05-21,130.3742
USD,2014-05-20,130.3515
USD,2014-05-19,130.3561
USD,2014-05-16,130.3608
USD,2014-05-13,130.3587
USD,2014-05-12,130.4841
USD,2014-05-09,130.5403
USD,2014-05-08,130.6000
USD,2014-05-07,130.6000
USD,2014-05-06,130.6000
USD,2014-05-05,130.5957
USD,2014-05-02,130.6250
USD,2014-04-30,130.5962
USD,2014-04-29,130.5982
USD,2014-04-28,130.6040
USD,2014-04-25,130.6182
USD,2014-04-24,130.6191
USD,2014-04-23,130.5973
USD,2014-04-22,130.6082
USD,2014-04-21,130.6000
USD,2014-04-17,130.6113
USD,2014-04-16,130.5973
USD,2014-04-11,130.5726
USD,2014-04-10,130.5891
USD,2014-04-09,130.5890
USD,2014-04-08,130.7000
USD,2014-04-07,130.5624
USD,2014-04-04,130.6804
USD,2014-04-03,130.6890
USD,2014-04-02,130.6895
USD,2014-04-01,130.7000
USD,2014-03-31,130.6949
USD,2014-03-28,130.6917
USD,2014-03-27,130.6866
USD,2014-03-26,130.6932
USD,2014-03-25,130.6497
USD,2014-03-24,130.6484
USD,2014-03-21,130.6474
USD,2014-03-20,130.5903
USD,2014-03-19,130.5675
USD,2014-03-18,130.5836
USD,2014-03-17,130.6067
USD,2014-03-14,130.6357
USD,2014-03-13,130.5670
USD,2014-03-12,130.5025
USD,2014-03-11,130.5548
USD,2014-03-10,130.5483
USD,2014-03-07,130.5646
USD,2014-03-06,130.6001
USD,2014-03-05,130.6055
USD,2014-03-04,130.6341
USD,2014-03-03,130.9191
USD,2014-02-28,131.0008
USD,2014-02-26,131.0197
USD,2014-02-25,131.0184
USD,2014-02-24,130.9393
USD,2014-02-21,130.8485
USD,2014-02-20,130.8500
USD,2014-02-19,130.7998
USD,2014-02-18,130.8167
USD,2014-02-17,130.8373
USD,2014-02-13,130.8357
USD,2014-02-12,130.8003
USD,2014-02-11,130.7142
USD,2014-02-10,130.6831
USD,2014-02-07,130.6471
USD,2014-02-06,130.6522
USD,2014-02-05,130.7284
USD,2014-02-03,130.7555
USD,2014-01-31,130.6957
USD,2014-01-30,130.7339
USD,2014-01-29,130.7849
USD,2014-01-28,130.7494
USD,2014-01-27,130.6575
USD,2014-01-24,130.8216
USD,2014-01-23,130.7787
USD,2014-01-22,130.7477
USD,2014-01-21,130.7368
USD,2014-01-20,130.7202
USD,2014-01-17,130.6629
USD,2014-01-16,130.7117
USD,2014-01-13,130.7029
USD,2014-01-10,130.7314
USD,2014-01-09,130.8059
USD,2014-01-08,130.7410
USD,2014-01-07,130.6950
USD,2014-01-06,130.6811
USD,2014-01-03,130.7035
USD,2014-01-02,130.7051
USD,2014-01-01,130.7500
USD,2013-12-31,130.7530
USD,2013-12-30,130.7500
USD,2013-12-27,130.7007
USD,2013-12-26,130.7089
USD,2013-12-24,130.7185
USD,2013-12-23,130.7413
USD,2013-12-20,130.7619
USD,2013-12-19,130.7705
USD,2013-12-18,130.7972
USD,2013-12-17,130.8548
USD,2013-12-13,130.8500
USD,2013-12-12,130.8380
USD,2013-12-11,130.8164
USD,2013-12-10,130.7863
USD,2013-12-09,130.8036
USD,2013-12-06,130.8336
USD,2013-12-05,130.8437
USD,2013-12-04,130.8791
USD,2013-12-03,131.1522
USD,2013-12-02,131.1951
USD,2013-11-29,131.2000
USD,2013-11-28,131.1528
USD,2013-11-27,131.1500
USD,2013-11-26,131.1107
USD,2013-11-25,131.1000
USD,2013-11-22,131.1000
USD,2013-11-21,131.1000
USD,2013-11-20,131.1000
USD,2013-11-19,131.0700
USD,2013-11-18,131.1000
USD,2013-11-15,131.1000
USD,2013-11-14,131.0645
USD,2013-11-13,131.0833
USD,2013-11-12,131.0836
USD,2013-11-11,131.1000
USD,2013-11-08,131.1000
USD,2013-11-07,131.0689
USD,2013-11-06,131.1000
USD,2013-11-05,131.0876
USD,2013-11-04,130.8982
USD,2013-11-01,130.8638
USD,2013-10-31,131.0065
USD,2013-10-30,131.0783
USD,2013-10-29,130.8812
USD,2013-10-28,130.4857
USD,2013-10-25,130.5886
USD,2013-10-24,130.7628
USD,2013-10-23,130.9472
USD,2013-10-22,130.9642
USD,2013-10-21,131.0545
USD,2013-10-17,130.9614
USD,2013-10-15,130.8956
USD,2013-10-14,131.0360
USD,2013-10-11,131.1730
USD,2013-10-10,131.1366
USD,2013-10-09,131.1787
USD,2013-10-08,131.1187
USD,2013-10-07,131.2483
USD,2013-10-04,131.3159
USD,2013-10-03,131.4078
USD,2013-10-02,131.7903
USD,2013-10-01,131.9963
USD,2013-09-30,131.9809
USD,2013-09-27,131.9617
USD,2013-09-26,131.9833
USD,2013-09-25,132.1579
USD,2013-09-24,132.0600
USD,2013-09-23,132.1387
USD,2013-09-20,132.2500
USD,2013-09-18,132.2500
USD,2013-09-17,132.2218
USD,2013-09-16,132.0965
USD,2013-09-13,132.2558
USD,2013-09-12,132.4238
USD,2013-09-11,132.8800
USD,2013-09-10,132.9000
USD,2013-09-09,132.9667
USD,2013-09-06,132.9550
USD,2013-09-05,132.9972
USD,2013-09-04,133.0000
USD,2013-09-03,133.0000
USD,2013-09-02,132.9000
USD,2013-08-30,133.0575
USD,2013-08-29,133.0000
USD,2013-08-28,132.5000
USD,2013-08-27,132.0000
USD,2013-08-26,131.9254
USD,2013-08-23,131.8573
USD,2013-08-22,131.7500
USD,2013-08-21,131.6000
USD,2013-08-19,131.5205
USD,2013-08-16,131.4389
USD,2013-08-15,131.5434
USD,2013-08-14,131.6000
USD,2013-08-13,131.6000
USD,2013-08-12,131.5900
USD,2013-08-08,131.6000
USD,2013-08-07,131.5980
USD,2013-08-06,131.5940
USD,2013-08-05,131.6000
USD,2013-08-02,131.6000
USD,2013-08-01,131.5902
USD,2013-07-31,131.6000
USD,2013-07-30,131.5714
USD,2013-07-29,131.6000
USD,2013-07-26,131.5009
USD,2013-07-04,130.5896
USD,2013-06-25,128.8274
USD,2013-06-21,128.4449
USD,2013-06-12,127.3273
USD,2013-06-07,126.4642
USD,2013-06-06,126.4560
USD,2013-05-20,126.1837
USD,2013-05-13,126.0029
USD,2013-05-10,126.0029
USD,2013-05-08,126.3673
USD,2013-05-06,126.2946
USD,2013-04-05,125.9784
USD,2013-03-08,127.3038
USD,2013-02-01,126.4532
USD,2013-01-31,126.4512
USD,2013-01-30,126.6989
USD,2013-01-28,127.0078
USD,2013-01-24,126.9609
USD,2013-01-16,126.3433
USD,2013-01-15,126.0684
USD,2013-01-11,126.0354
USD,2013-01-10,126.2912
USD,2013-01-09,127.2241
USD,2013-01-08,127.3830
USD,2013-01-07,127.3895
USD,2013-01-03,127.3452
USD,2013-01-02,127.6522
USD,2013-01-01,127.3025
USD,2012-11-20,130.1379
USD,2012-11-19,129.9758
USD,2012-11-16,130.0545
USD,2012-11-15,130.3148
USD,2012-11-14,130.5591
USD,2012-11-12,130.7526
USD,2012-11-09,130.9670
USD,2012-11-07,130.4533
USD,2012-11-06,130.3408
USD,2012-11-05,130.2943
USD,2012-11-02,130.3442
USD,2012-11-01,130.1015
USD,2012-10-31,130.0272
USD,2012-10-30,129.9543
USD,2012-10-26,130.1585
USD,2012-10-25,130.0182
USD,2012-10-24,129.9260
USD,2012-10-23,129.6239
USD,2012-10-22,128.9909
USD,2012-10-19,128.9114
USD,2012-10-18,128.6954
USD,2012-10-16,128.4349
USD,2012-10-15,128.4985
USD,2012-10-12,128.5822
USD,2012-10-11,128.3627
USD,2012-10-10,128.3052
USD,2012-10-09,128.2126
USD,2012-10-08,128.4836
USD,2012-10-05,129.7020
USD,2012-10-04,129.3008
USD,2012-10-03,129.1417
USD,2012-10-02,129.1083
USD,2012-10-01,129.2609
USD,2012-09-28,129.7943
USD,2012-09-27,130.9677
USD,2012-09-26,130.9657
USD,2012-09-25,131.1501
USD,2012-09-24,131.4135
USD,2012-09-21,131.4845
USD,2012-09-20,131.5943
USD,2012-09-19,132.0422
USD,2012-09-18,132.0030
USD,2012-09-17,132.1385
USD,2012-09-14,131.7911
USD,2012-09-13,131.9484
USD,2012-09-12,132.2466
USD,2012-09-11,132.2940
USD,2012-09-07,132.3629
USD,2012-09-06,132.2999
USD,2012-07-10,133.4704
USD,2012-07-06,133.6876
USD,2012-07-02,133.7490
USD,2012-06-29,133.3044
USD,2012-06-27,133.1261
USD,2012-06-25,132.8667
USD,2012-06-22,132.8614
USD,2012-06-20,132.4807
USD,2012-06-18,131.7936
USD,2012-06-15,132.0539
USD,2012-06-13,132.3251
USD,2012-06-11,130.3868
USD,2012-06-08,130.1486
USD,2012-04-04,126.6993
USD,2012-03-02,122.0764
USD,2012-03-01,121.9070
USD,2012-02-29,121.1198
USD,2012-02-28,120.5922
USD,2012-02-27,119.8025
USD,2012-02-24,119.1422
USD,2012-02-23,118.6797
USD,2012-02-22,118.4706
USD,2012-02-21,118.5696
USD,2012-02-17,119.3708
USD,2012-02-16,119.8908
USD,2012-02-15,119.1514
USD,2012-02-14,116.1085
USD,2012-02-13,114.9382
USD,2012-02-08,114.2906
USD,2012-02-06,114.0592
USD,2012-02-03,113.8996
USD,2012-02-02,113.8984
USD,2012-02-01,113.8997
USD,2012-01-31,113.9000
USD,2012-01-30,113.8954
USD,2012-01-27,113.9000
USD,2012-01-26,113.8988
USD,2012-01-24,113.9000
USD,2012-01-23,113.9000
USD,2012-01-20,113.9025
USD,2012-01-19,113.9000
USD,2012-01-18,113.8996
USD,2012-01-17,113.8987
USD,2012-01-13,113.9000
USD,2012-01-12,113.8984
USD,2012-01-11,113.9000
USD,2012-01-10,113.9000
USD,2012-01-09,113.9000
USD,2012-01-06,113.8998
USD,2012-01-05,113.9000
USD,2012-01-04,113.9000
USD,2012-01-03,113.8998
USD,2012-01-02,113.8999
USD,2011-12-16,113.9000
USD,2011-12-15,113.9000
USD,2011-12-14,113.9006
USD,2011-12-13,113.8979
USD,2011-12-12,113.8997
USD,2011-12-09,113.8976
USD,2011-12-08,113.8997
USD,2011-12-07,113.9000
USD,2011-12-06,113.9000
USD,2011-12-05,113.9000
USD,2011-12-02,113.9000
USD,2011-12-01,113.8992
USD,2011-11-24,114.0490
USD,2011-11-14,110.2000
USD,2011-11-09,110.2000
USD,2011-10-21,110.2000
USD,2011-10-20,110.1979
USD,2011-10-19,110.1982
USD,2011-10-18,110.1957
USD,2011-10-17,110.2000
USD,2011-10-13,110.1986
USD,2011-10-12,110.1903
USD,2011-10-05,110.1992
USD,2011-10-04,110.1988
USD,2011-10-03,110.1927
USD,2011-09-30,110.1920
USD,2011-09-29,110.1958
USD,2011-09-28,110.2995
USD,2011-09-26,110.3000
USD,2011-09-23,110.2953
USD,2011-09-22,110.1853
USD,2011-09-20,110.1000
USD,2011-09-19,110.0936
USD,2011-09-16,110.0862
USD,2011-09-15,110.0783
USD,2011-09-14,110.1000
USD,2011-09-13,110.0893
USD,2011-09-12,110.1116
USD,2011-09-08,110.1931
USD,2011-09-07,110.1031
USD,2011-09-06,110.0890
USD,2011-09-05,109.9931
USD,2011-09-01,109.8998
USD,2011-08-30,109.8934
USD,2011-08-29,109.9907
USD,2011-08-24,109.9844
USD,2011-08-23,109.9712
USD,2011-08-22,109.9716
USD,2011-08-19,109.9277
USD,2011-08-18,109.9000
USD,2011-08-16,109.8082
USD,2011-08-15,109.6805
USD,2011-08-12,109.7137
USD,2011-08-11,109.7393
USD,2011-08-10,109.7871
USD,2011-08-09,109.7747
USD,2011-08-08,109.7149
USD,2011-08-05,109.6625
USD,2011-08-04,109.6669
USD,2011-08-03,109.5813
USD,2011-08-02,109.4944
USD,2011-08-01,109.4789
USD,2011-07-29,109.4881
USD,2011-07-28,109.4665
USD,2011-07-27,109.4883
USD,2011-07-26,109.4919
USD,2011-07-25,109.4642
USD,2011-07-22,109.4850
USD,2011-07-21,109.4960
USD,2011-07-20,109.4968
USD,2011-07-19,109.4981
USD,2011-07-18,109.4967
USD,2011-07-15,109.6000
USD,2011-07-13,109.5748
USD,2011-07-12,109.5000
USD,2011-07-11,109.4995
USD,2011-07-08,109.5000
USD,2011-07-07,109.4998
USD,2011-07-06,109.4987
USD,2011-07-05,109.4982
USD,2011-07-04,109.5021
USD,2011-07-01,109.5037
USD,2011-06-30,109.6071
USD,2011-06-29,109.6954
USD,2011-06-27,109.5917
USD,2011-06-24,109.5992
USD,2011-06-23,109.5713
USD,2011-06-21,109.5741
USD,2011-06-17,109.5673
USD,2011-06-16,109.5289
USD,2011-06-14,109.4597
USD,2011-06-13,109.4892
USD,2011-06-09,109.4853
USD,2011-06-08,109.6026
USD,2011-06-07,109.6122
USD,2011-06-06,109.7186
USD,2011-06-03,109.7485
USD,2011-06-02,109.6835
USD,2011-06-01,109.6599
USD,2011-05-31,109.7618
USD,2011-05-30,109.8797
USD,2011-05-24,109.8971
USD,2011-05-23,109.7941
USD,2011-05-20,109.7898
USD,2011-05-19,109.7921
USD,2011-05-16,109.7768
USD,2011-05-13,109.7469
USD,2011-05-12,109.7233
USD,2011-05-11,109.7756
USD,2011-05-10,109.7751
USD,2011-05-09,109.7957
USD,2011-05-06,109.7130
USD,2011-05-05,109.7434
USD,2011-05-04,109.7815
USD,2011-05-03,109.9071
USD,2011-04-29,109.8512
USD,2011-04-28,110.1582
USD,2011-04-26,110.1952
USD,2011-04-25,110.2025
USD,2011-04-21,110.3004
USD,2011-04-20,110.3852
USD,2011-04-19,110.3842
USD,2011-04-18,110.3731
USD,2011-04-12,110.3112
USD,2011-04-11,110.3789
USD,2011-04-06,110.3592
USD,2011-04-05,110.3963
USD,2011-04-04,110.2816
USD,2011-04-01,110.3969
USD,2011-03-31,110.3929
USD,2011-03-30,110.3987
USD,2011-03-29,110.3923
USD,2011-03-28,110.3578
USD,2011-03-25,110.3928
USD,2011-03-24,110.3891
USD,2011-03-23,110.3683
USD,2011-03-22,110.3873
USD,2011-03-21,110.3638
USD,2011-03-18,110.3397
USD,2011-03-17,110.3320
USD,2011-03-16,110.3852
USD,2011-03-15,110.1845
USD,2011-03-11,110.0047
USD,2011-03-10,110.0070
USD,2011-03-07,110.5135
USD,2011-02-28,110.7909
USD,2011-02-18,111.0037
USD,2011-02-15,111.0909
USD,2011-02-14,111.0387
USD,2011-02-11,110.9815
USD,2011-02-10,110.9721
USD,2011-02-09,110.9969
USD,2011-02-08,110.9812
USD,2011-02-07,110.8920
USD,2011-01-31,111.1007
USD,2011-01-28,111.0536
USD,2011-01-27,111.0493
USD,2011-01-26,110.9091
USD,2011-01-25,110.9216
USD,2011-01-24,111.0139
USD,2011-01-21,110.9594
USD,2011-01-20,110.8124
USD,2010-11-25,111.2437
USD,2010-11-24,111.3637
USD,2010-11-16,111.6964
USD,2010-11-15,111.6850
USD,2010-11-12,111.6000
USD,2010-11-11,111.6845
USD,2010-11-10,111.5843
USD,2010-11-09,111.5154
USD,2010-10-13,111.9335
USD,2010-09-27,112.3064
USD,2010-09-21,112.5442
USD,2010-09-15,112.5431
USD,2010-09-14,112.6132
USD,2010-08-31,112.6897
USD,2010-08-27,112.6058
USD,2010-08-13,112.3888
USD,2010-07-30,112.5618
USD,2010-07-19,112.7252
USD,2010-07-14,113.1292
USD,2010-07-01,113.5897
USD,2010-06-22,113.4625
USD,2010-06-15,113.5720
USD,2010-06-14,113.5446
USD,2010-06-02,113.7567
USD,2010-06-01,113.8271
USD,2010-05-14,113.6573
USD,2010-05-13,113.7009
USD,2010-05-12,113.6854
USD,2010-05-11,113.6292
USD,2010-05-07,113.6975
